notice_id,portal_id,candidate_count,retrieval_time_ms
N000001,P136,1226,0.065
N000009,P011,63,0.021
N000017,P238,1913,0.056
N000025,P111,1307,0.051
N000033,P088,148,0.022
N000041,P044,783,0.037
N000049,P003,1183,0.072
N000057,P195,2387,0.103
N000065,P003,1569,0.07
N000073,P001,2424,0.134
N000081,P053,1416,0.055
N000089,P002,2184,0.089
N000097,P006,914,0.055
N000105,P002,1797,0.068
N000113,P228,626,0.036
N000121,P042,1928,0.053
N000129,P005,2398,0.144
N000137,P003,1604,0.068
N000145,P002,1679,0.075
N000153,P002,2271,0.126
N000161,P002,2264,0.105
N000169,P004,1524,0.06
N000177,P003,1605,0.065
N000185,P081,1897,0.046
N000193,P003,1591,0.063
N000201,P211,1297,0.057
N000209,P004,1419,0.059
N000217,P001,2244,0.101
N000225,P014,3056,0.094
N000233,P094,1895,0.056
N000241,P006,1239,0.061
N000249,P248,920,0.031
N000257,P207,2397,0.063
N000265,P172,2787,0.098
N000273,P232,2073,0.066
N000281,P215,328,0.027
N000289,P071,1462,0.034
N000297,P004,1867,0.085
N000305,P094,902,0.038
N000313,P004,1884,0.083
N000321,P006,1309,0.064
N000329,P001,1288,0.057
N000337,P005,2342,0.106
N000345,P226,2052,0.069
N000353,P005,1844,0.077
N000361,P142,62,0.02
N000369,P094,1548,0.033
N000377,P003,1232,0.076
N000385,P094,1049,0.04
N000393,P020,781,0.03
N000401,P094,1169,0.038
N000409,P006,1798,0.081
N000417,P136,792,0.039
N000425,P002,2022,0.068
N000433,P192,697,0.042
N000441,P086,295,0.019
N000449,P187,893,0.034
N000457,P006,932,0.05
N000465,P183,2276,0.076
N000473,P005,1852,0.104
N000481,P042,272,0.03
N000489,P114,159,0.013
N000497,P006,848,0.036
N000505,P240,1660,0.047
N000513,P087,2236,0.077
N000521,P094,1408,0.045
N000529,P146,1090,0.044
N000537,P013,146,0.016
N000545,P006,491,0.022
N000553,P214,1190,0.044
N000561,P002,1355,0.053
N000569,P003,734,0.046
N000577,P046,130,0.015
N000585,P004,791,0.037
N000593,P002,2242,0.098
N000601,P002,2351,0.146
N000609,P061,968,0.048
N000617,P001,2052,0.095
N000625,P001,2097,0.092
N000633,P004,849,0.046
N000641,P096,503,0.022
N000649,P003,861,0.034
N000657,P094,2848,0.08
N000665,P246,1071,0.039
N000673,P001,2186,0.085
N000681,P094,1703,0.065
N000689,P002,2264,0.101
N000697,P001,2122,0.101
N000705,P004,1479,0.061
N000713,P239,2230,0.06
N000721,P005,2195,0.078
N000729,P020,1159,0.049
N000737,P208,2996,0.078
N000745,P121,766,0.045
N000753,P094,1148,0.033
N000761,P094,2133,0.05
N000769,P001,2070,0.096
N000777,P127,889,0.043
N000785,P129,2453,0.067
N000793,P094,550,0.037
N000801,P091,653,0.028
N000809,P064,788,0.03
N000817,P003,1252,0.034
N000825,P240,373,0.023
N000833,P136,2193,0.047
N000841,P005,2328,0.131
N000849,P221,123,0.024
N000857,P240,2428,0.058
N000865,P006,1826,0.085
N000873,P004,1771,0.08
N000881,P231,198,0.022
N000889,P001,2283,0.086
N000897,P001,2047,0.105
N000905,P001,2269,0.117
N000913,P094,2190,0.059
N000921,P001,2214,0.098
N000929,P003,645,0.036
N000937,P094,341,0.017
N000945,P002,2173,0.072
N000953,P240,2512,0.078
N000961,P004,1536,0.067
N000969,P094,358,0.027
N000977,P002,2219,0.086
N000985,P006,1690,0.077
N000993,P129,1446,0.054
N001001,P001,2173,0.089
N001009,P183,1181,0.045
N001017,P094,2036,0.047
N001025,P005,2264,0.113
N001033,P136,1038,0.043
N001041,P094,1456,0.048
N001049,P004,1485,0.044
N001057,P002,2507,0.11
N001065,P103,2016,0.056
N001073,P020,2071,0.054
N001081,P010,1416,0.045
N001089,P168,2953,0.081
N001097,P240,468,0.037
N001105,P002,2118,0.067
N001113,P020,2424,0.069
N001121,P020,1368,0.055
N001129,P046,98,0.017
N001137,P225,424,0.014
N001145,P002,2301,0.103
N001153,P001,2178,0.097
N001161,P006,2004,0.106
N001169,P002,2290,0.1
N001177,P094,1981,0.054
N001185,P006,672,0.04
N001193,P020,2360,0.053
N001201,P005,2077,0.096
N001209,P136,2082,0.063
N001217,P057,734,0.033
N001225,P236,2631,0.057
N001233,P094,896,0.041
N001241,P020,1472,0.046
N001249,P094,630,0.03
N001257,P002,2137,0.09
N001265,P211,622,0.037
N001273,P116,572,0.024
N001281,P094,2096,0.043
N001289,P005,2226,0.112
N001297,P005,2280,0.09
N001305,P166,624,0.041
N001313,P233,90,0.012
N001321,P006,792,0.029
N001329,P006,276,0.018
N001337,P181,1780,0.055
N001345,P003,1080,0.051
N001353,P094,2119,0.058
N001361,P020,1074,0.036
N001369,P003,1559,0.049
N001377,P229,1793,0.056
N001385,P240,1435,0.054
N001393,P094,779,0.031
N001401,P184,92,0.012
N001409,P189,1061,0.024
N001417,P003,630,0.03
N001425,P102,1983,0.041
N001433,P004,1466,0.068
N001441,P094,2008,0.061
N001449,P046,233,0.023
N001457,P071,1332,0.04
N001465,P144,1601,0.053
N001473,P001,2220,0.096
N001481,P004,1231,0.061
N001489,P094,2981,0.079
N001497,P003,1554,0.076
N001505,P260,2397,0.065
N001513,P147,148,0.023
N001521,P005,2145,0.089
N001529,P172,1316,0.057
N001537,P097,1005,0.034
N001545,P094,2036,0.044
N001553,P091,3156,0.097
N001561,P005,1989,0.07
N001569,P120,1882,0.052
N001577,P002,2264,0.115
N001585,P138,207,0.025
N001593,P005,2221,0.091
N001601,P002,2013,0.067
N001609,P194,2053,0.068
N001617,P120,2069,0.05
N001625,P209,61,0.017
N001633,P221,1946,0.034
N001641,P094,553,0.028
N001649,P094,1558,0.037
N001657,P129,2837,0.078
N001665,P002,2168,0.107
N001673,P003,1427,0.067
N001681,P003,1319,0.058
N001689,P094,1136,0.04
N001697,P001,2163,0.081
N001705,P020,776,0.042
N001713,P240,1811,0.045
N001721,P001,2372,0.093
N001729,P002,2227,0.105
N001737,P003,1085,0.055
N001745,P005,732,0.034
N001753,P242,1535,0.052
N001761,P168,2078,0.05
N001769,P005,2321,0.129
N001777,P006,1025,0.055
N001785,P003,1724,0.072
N001793,P005,2281,0.113
N001801,P006,1344,0.067
N001809,P026,724,0.027
N001817,P001,2286,0.082
N001825,P006,1690,0.086
N001833,P003,1448,0.05
N001841,P004,1028,0.043
N001849,P094,978,0.029
N001857,P001,2095,0.086
N001865,P214,692,0.035
N001873,P094,1509,0.049
N001881,P240,776,0.035
N001889,P001,2410,0.123
N001897,P003,1972,0.091
N001905,P001,2293,0.102
N001913,P012,374,0.027
N001921,P215,1856,0.041
N001929,P006,1153,0.044
N001937,P002,1971,0.062
N001945,P071,1575,0.056
N001953,P004,1314,0.057
N001961,P005,2142,0.086
N001969,P094,1899,0.05
N001977,P002,2398,0.122
N001985,P094,1188,0.047
N001993,P094,507,0.026
N002001,P004,1194,0.049
N002009,P002,2486,0.117
N002017,P004,1963,0.1
N002025,P006,1380,0.046
N002033,P020,1192,0.048
N002041,P215,735,0.031
N002049,P086,2124,0.047
N002057,P003,1792,0.079
N002065,P004,760,0.043
N002073,P203,1993,0.042
N002081,P044,408,0.024
N002089,P228,922,0.031
N002097,P001,2227,0.1
N002105,P006,990,0.048
N002113,P122,2508,0.087
N002121,P020,2660,0.071
N002129,P094,1976,0.055
N002137,P094,934,0.033
N002145,P001,2234,0.089
N002153,P002,2157,0.077
N002161,P259,2056,0.054
N002169,P159,2387,0.08
N002177,P005,2126,0.083
N002185,P211,3232,0.11
N002193,P094,1346,0.055
N002201,P061,614,0.028
N002209,P094,840,0.029
N002217,P006,697,0.035
N002225,P136,918,0.031
N002233,P001,1978,0.063
N002241,P241,1363,0.05
N002249,P020,208,0.018
N002257,P004,1216,0.047
N002265,P214,1792,0.061
N002273,P028,303,0.022
N002281,P227,564,0.017
N002289,P004,778,0.031
N002297,P001,2241,0.088
N002305,P002,2170,0.098
N002313,P002,2286,0.115
N002321,P246,1451,0.057
N002329,P094,592,0.033
N002337,P006,2120,0.079
N002345,P002,1955,0.087
N002353,P001,2194,0.095
N002361,P002,2150,0.084
N002369,P222,1375,0.052
N002377,P215,2305,0.055
N002385,P112,2158,0.057
N002393,P013,169,0.02
N002401,P089,765,0.022
N002409,P002,2339,0.093
N002417,P089,1716,0.049
N002425,P094,2204,0.053
N002433,P005,2117,0.087
N002441,P006,1647,0.069
N002449,P025,264,0.022
N002457,P235,1315,0.033
N002465,P229,1927,0.061
N002473,P004,1001,0.043
N002481,P181,1103,0.03
N002489,P200,682,0.028
N002497,P005,2172,0.077
N002505,P032,1439,0.056
N002513,P005,2187,0.079
N002521,P004,1487,0.06
N002529,P005,2084,0.081
N002537,P024,2226,0.063
N002545,P005,2180,0.113
N002553,P113,591,0.035
N002561,P002,2235,0.103
N002569,P148,1282,0.087
N002577,P180,819,0.038
N002585,P250,2201,0.064
N002593,P004,1074,0.061
N002601,P243,1707,0.072
N002609,P002,2224,0.104
N002617,P101,2874,0.094
N002625,P002,2272,0.122
N002633,P240,558,0.036
N002641,P094,1227,0.028
N002649,P003,1772,0.071
N002657,P003,1583,0.065
N002665,P001,2372,0.115
N002673,P003,1848,0.089
N002681,P094,2168,0.055
N002689,P003,1560,0.064
N002697,P094,2098,0.051
N002705,P058,1817,0.046
N002713,P061,1395,0.049
N002721,P003,1101,0.05
N002729,P236,463,0.022
N002737,P006,1793,0.07
N002745,P004,1557,0.065
N002753,P107,104,0.017
N002761,P001,2364,0.084
N002769,P199,2144,0.058
N002777,P219,704,0.028
N002785,P094,2070,0.06
N002793,P004,787,0.043
N002801,P122,2710,0.061
N002809,P120,2434,0.079
N002817,P002,2181,0.102
N002825,P167,1810,0.061
N002833,P120,358,0.021
N002841,P002,2255,0.1
N002849,P020,2425,0.073
N002857,P004,954,0.052
N002865,P004,1546,0.054
N002873,P175,1119,0.031
N002881,P016,101,0.016
N002889,P094,2706,0.067
N002897,P227,297,0.035
N002905,P073,803,0.025
N002913,P181,2949,0.067
N002921,P002,2284,0.137
N002929,P088,455,0.033
N002937,P017,2390,0.055
N002945,P001,2179,0.094
N002953,P029,1255,0.054
N002961,P234,627,0.031
N002969,P183,2871,0.078
N002977,P094,1418,0.045
N002985,P140,1958,0.046
N002993,P018,1340,0.045
N003001,P003,1536,0.054
N003009,P189,1147,0.04
N003017,P106,757,0.025
N003025,P094,2258,0.049
N003033,P073,1416,0.044
N003041,P181,1238,0.031
N003049,P217,897,0.036
N003057,P183,1055,0.029
N003065,P240,1001,0.032
N003073,P002,2238,0.103
N003081,P115,442,0.031
N003089,P203,976,0.024
N003097,P094,790,0.027
N003105,P094,674,0.03
N003113,P063,3052,0.072
N003121,P004,718,0.046
N003129,P240,1176,0.034
N003137,P005,2351,0.13
N003145,P177,1225,0.054
N003153,P215,1319,0.036
N003161,P002,1553,0.06
N003169,P002,2306,0.106
N003177,P228,2706,0.077
N003185,P215,1501,0.055
N003193,P004,1415,0.062
N003201,P002,2019,0.06
N003209,P215,3072,0.089
N003217,P049,2257,0.071
N003225,P200,2017,0.051
N003233,P006,1572,0.071
N003241,P247,1094,0.039
N003249,P006,1494,0.058
N003257,P003,1160,0.045
N003265,P117,139,0.016
N003273,P020,1094,0.028
N003281,P112,486,0.019
N003289,P003,1054,0.038
N003297,P004,1391,0.046
N003305,P006,912,0.044
N003313,P005,2220,0.098
N003321,P088,580,0.036
N003329,P075,945,0.029
N003337,P044,2738,0.068
N003345,P143,1270,0.049
N003353,P094,1267,0.042
N003361,P024,166,0.019
N003369,P005,2032,0.062
N003377,P103,2412,0.072
N003385,P008,236,0.026
N003393,P136,580,0.019
N003401,P225,1195,0.034
N003409,P002,2302,0.095
N003417,P211,1918,0.067
N003425,P091,1037,0.036
N003433,P094,1256,0.041
N003441,P200,3417,0.093
N003449,P142,107,0.029
N003457,P177,1500,0.044
N003465,P251,900,0.031
N003473,P020,1221,0.035
N003481,P255,226,0.02
N003489,P042,766,0.02
N003497,P094,2198,0.051
N003505,P229,2051,0.053
N003513,P020,764,0.034
N003521,P247,1115,0.029
N003529,P149,106,0.015
N003537,P003,1864,0.069
N003545,P006,1379,0.064
N003553,P003,568,0.034
N003561,P005,1606,0.058
N003569,P005,2130,0.088
N003577,P094,1140,0.035
N003585,P004,1354,0.06
N003593,P245,128,0.017
N003601,P044,1888,0.048
N003609,P005,2261,0.116
N003617,P054,2273,0.063
N003625,P211,1978,0.052
N003633,P200,1230,0.047
N003641,P020,301,0.022
N003649,P006,1026,0.038
N003657,P094,221,0.015
N003665,P172,841,0.028
N003673,P094,1978,0.041
N003681,P004,755,0.033
N003689,P001,2145,0.109
N003697,P001,1064,0.05
N003705,P094,2956,0.081
N003713,P003,1519,0.071
N003721,P073,490,0.027
N003729,P044,2052,0.041
N003737,P001,2203,0.106
N003745,P003,1536,0.057
N003753,P006,581,0.039
N003761,P008,94,0.012
N003769,P094,1134,0.03
N003777,P005,2312,0.116
N003785,P200,1445,0.057
N003793,P146,1252,0.043
N003801,P004,1625,0.066
N003809,P053,2285,0.055
N003817,P013,224,0.026
N003825,P242,910,0.026
N003833,P094,1914,0.052
N003841,P004,1763,0.061
N003849,P005,2354,0.112
N003857,P159,373,0.033
N003865,P002,2105,0.089
N003873,P216,2861,0.081
N003881,P225,2409,0.068
N003889,P094,702,0.037
N003897,P059,2120,0.051
N003905,P004,1689,0.069
N003913,P020,2701,0.085
N003921,P039,2510,0.078
N003929,P005,2242,0.104
N003937,P248,1510,0.056
N003945,P247,2159,0.054
N003953,P005,2441,0.114
N003961,P108,1951,0.054
N003969,P098,2404,0.057
N003977,P003,1706,0.064
N003985,P026,2439,0.076
N003993,P168,1201,0.056
N004001,P004,750,0.036
N004009,P094,2622,0.061
N004017,P013,86,0.024
N004025,P122,2136,0.043
N004033,P257,1442,0.051
N004041,P005,2031,0.078
N004049,P006,1227,0.043
N004057,P005,2246,0.09
N004065,P004,1609,0.076
N004073,P213,1786,0.05
N004081,P001,2260,0.104
N004089,P227,672,0.038
N004097,P176,1693,0.049
N004105,P044,1165,0.043
N004113,P203,1656,0.05
N004121,P240,948,0.032
N004129,P120,939,0.026
N004137,P001,2194,0.083
N004145,P020,788,0.037
N004153,P220,1434,0.045
N004161,P094,1523,0.048
N004169,P027,836,0.035
N004177,P240,885,0.029
N004185,P257,2398,0.068
N004193,P001,2142,0.086
N004201,P244,84,0.022
N004209,P044,2123,0.042
N004217,P001,2383,0.134
N004225,P044,622,0.04
N004233,P106,1172,0.036
N004241,P003,475,0.026
N004249,P255,2977,0.073
N004257,P165,2190,0.062
N004265,P044,1991,0.053
N004273,P094,678,0.033
N004281,P006,1796,0.069
N004289,P094,1536,0.048
N004297,P002,2181,0.094
N004305,P001,2264,0.125
N004313,P060,1436,0.049
N004321,P094,1994,0.052
N004329,P094,1925,0.047
N004337,P094,1748,0.043
N004345,P003,429,0.023
N004353,P078,425,0.019
N004361,P004,1179,0.04
N004369,P089,509,0.024
N004377,P103,703,0.027
N004385,P041,3084,0.084
N004393,P057,3100,0.097
N004401,P001,2170,0.096
N004409,P094,969,0.041
N004417,P004,1462,0.06
N004425,P002,2203,0.104
N004433,P004,1683,0.074
N004441,P004,1222,0.055
N004449,P221,115,0.015
N004457,P215,361,0.015
N004465,P002,2215,0.09
N004473,P128,2540,0.072
N004481,P001,1539,0.068
N004489,P006,1616,0.058
N004497,P094,957,0.033
N004505,P094,1024,0.032
N004513,P005,2488,0.122
N004521,P020,288,0.029
N004529,P131,2193,0.049
N004537,P005,2163,0.091
N004545,P049,366,0.032
N004553,P094,1166,0.032
N004561,P001,1976,0.063
N004569,P003,867,0.044
N004577,P020,510,0.023
N004585,P215,640,0.023
N004593,P013,105,0.012
N004601,P240,902,0.023
N004609,P002,2391,0.101
N004617,P002,2165,0.089
N004625,P001,2270,0.117
N004633,P003,1961,0.09
N004641,P141,533,0.025
N004649,P181,538,0.016
N004657,P004,1426,0.047
N004665,P065,710,0.032
N004673,P191,2152,0.047
N004681,P217,2317,0.056
N004689,P240,2098,0.056
N004697,P094,446,0.027
N004705,P088,1592,0.041
N004713,P255,2782,0.08
N004721,P002,2185,0.097
N004729,P004,1370,0.056
N004737,P003,1104,0.049
N004745,P049,622,0.028
N004753,P246,166,0.013
N004761,P189,2417,0.052
N004769,P006,1128,0.055
N004777,P005,2414,0.101
N004785,P005,1980,0.074
N004793,P005,2158,0.1
N004801,P002,2167,0.088
N004809,P001,2106,0.095
N004817,P004,1598,0.067
N004825,P246,1810,0.059
N004833,P006,1425,0.05
N004841,P003,936,0.042
N004849,P199,1335,0.044
N004857,P094,2156,0.065
N004865,P146,1452,0.043
N004873,P065,1556,0.054
N004881,P166,1026,0.057
N004889,P005,2200,0.08
N004897,P094,828,0.041
N004905,P218,1000,0.028
N004913,P021,1442,0.05
N004921,P045,1735,0.049
N004929,P094,902,0.033
N004937,P004,1704,0.09
N004945,P005,2328,0.136
N004953,P094,1755,0.06
N004961,P003,1252,0.063
N004969,P001,2302,0.128
N004977,P077,2616,0.093
N004985,P238,2644,0.083
N004993,P005,2273,0.142
N005001,P018,1017,0.048
N005009,P004,1664,0.053
N005017,P120,2309,0.056
N005025,P240,3176,0.102
N005033,P050,659,0.04
N005041,P146,344,0.018
N005049,P094,956,0.045
N005057,P200,1187,0.036
N005065,P060,3246,0.111
N005073,P061,3023,0.083
N005081,P213,835,0.044
N005089,P020,469,0.018
N005097,P215,1023,0.03
N005105,P250,1378,0.046
N005113,P091,720,0.032
N005121,P232,380,0.022
N005129,P094,2031,0.042
N005137,P154,1061,0.039
N005145,P094,1653,0.04
N005153,P116,821,0.031
N005161,P143,1674,0.054
N005169,P003,1479,0.07
N005177,P004,431,0.027
N005185,P131,243,0.013
N005193,P240,856,0.027
N005201,P004,1336,0.057
N005209,P069,791,0.036
N005217,P005,2307,0.093
N005225,P004,737,0.038
N005233,P003,1815,0.069
N005241,P227,1148,0.035
N005249,P001,2227,0.075
N005257,P002,2221,0.095
N005265,P004,1572,0.06
N005273,P002,2159,0.087
N005281,P118,2428,0.098
N005289,P005,2251,0.118
N005297,P006,1483,0.056
N005305,P094,983,0.038
N005313,P094,2276,0.051
N005321,P044,450,0.03
N005329,P131,672,0.018
N005337,P003,1197,0.054
N005345,P001,2262,0.103
N005353,P005,2185,0.103
N005361,P183,977,0.042
N005369,P005,2285,0.095
N005377,P094,1452,0.063
N005385,P002,2400,0.123
N005393,P211,1251,0.056
N005401,P106,1925,0.056
N005409,P094,732,0.034
N005417,P044,1798,0.046
N005425,P146,628,0.032
N005433,P094,674,0.026
N005441,P146,727,0.026
N005449,P094,2783,0.065
N005457,P186,557,0.034
N005465,P020,1760,0.045
N005473,P001,2286,0.125
N005481,P142,175,0.026
N005489,P003,1092,0.038
N005497,P003,1659,0.066
N005505,P073,484,0.028
N005513,P001,2227,0.101
N005521,P181,2036,0.055
N005529,P075,2018,0.049
N005537,P088,982,0.033
N005545,P059,1701,0.046
N005553,P106,685,0.026
N005561,P094,1769,0.045
N005569,P094,1973,0.046
N005577,P048,429,0.027
N005585,P020,1074,0.034
N005593,P004,1520,0.058
N005601,P094,1487,0.053
N005609,P240,821,0.037
N005617,P002,2186,0.08
N005625,P041,2242,0.062
N005633,P006,1994,0.089
N005641,P253,800,0.031
N005649,P020,530,0.02
N005657,P202,65,0.009
N005665,P001,2200,0.09
N005673,P014,1537,0.056
N005681,P005,2029,0.073
N005689,P005,2177,0.091
N005697,P166,2085,0.053
N005705,P143,2335,0.075
N005713,P077,1872,0.054
N005721,P023,1995,0.049
N005729,P001,2251,0.075
N005737,P005,2325,0.133
N005745,P240,2002,0.06
N005753,P069,1931,0.047
N005761,P006,1501,0.066
N005769,P094,1075,0.038
N005777,P094,799,0.025
N005785,P197,872,0.027
N005793,P002,1660,0.059
N005801,P005,1758,0.069
N005809,P004,422,0.025
N005817,P039,2589,0.088
N005825,P215,1491,0.063
N005833,P240,2460,0.066
N005841,P002,2218,0.109
N005849,P003,1663,0.077
N005857,P094,699,0.03
N005865,P240,1326,0.039
N005873,P002,2162,0.094
N005881,P120,445,0.028
N005889,P006,655,0.029
N005897,P003,1437,0.064
N005905,P020,1317,0.044
N005913,P096,2869,0.084
N005921,P075,1974,0.054
N005929,P213,1292,0.044
N005937,P094,2957,0.077
N005945,P147,1932,0.054
N005953,P040,1230,0.034
N005961,P200,630,0.03
N005969,P094,2913,0.07
N005977,P136,1679,0.062
N005985,P004,1453,0.061
N005993,P056,2125,0.048
N006001,P235,2692,0.078
N006009,P006,1693,0.067
N006017,P141,1457,0.053
N006025,P074,1150,0.031
N006033,P094,495,0.023
N006041,P003,1358,0.055
N006049,P002,1393,0.053
N006057,P004,1200,0.061
N006065,P004,1558,0.057
N006073,P028,610,0.033
N006081,P004,1729,0.058
N006089,P204,2014,0.049
N006097,P094,1418,0.04
N006105,P094,1121,0.04
N006113,P003,1832,0.076
N006121,P004,1909,0.081
N006129,P001,2353,0.092
N006137,P006,1906,0.09
N006145,P064,658,0.029
N006153,P004,1051,0.04
N006161,P003,895,0.03
N006169,P029,1170,0.032
N006177,P215,1629,0.039
N006185,P228,872,0.037
N006193,P020,328,0.019
N006201,P122,572,0.019
N006209,P001,2212,0.076
N006217,P204,1014,0.041
N006225,P001,2270,0.098
N006233,P181,1394,0.056
N006241,P004,1250,0.058
N006249,P094,1324,0.034
N006257,P004,1546,0.058
N006265,P213,1950,0.049
N006273,P229,103,0.019
N006281,P003,687,0.033
N006289,P020,1223,0.029
N006297,P006,2003,0.087
N006305,P094,893,0.037
N006313,P101,1650,0.056
N006321,P053,1130,0.035
N006329,P041,1359,0.05
N006337,P181,1271,0.048
N006345,P238,1731,0.052
N006353,P003,788,0.04
N006361,P167,211,0.015
N006369,P005,587,0.022
N006377,P130,1418,0.044
N006385,P004,1109,0.06
N006393,P001,1790,0.067
N006401,P003,1685,0.065
N006409,P094,2411,0.073
N006417,P094,1289,0.056
N006425,P094,2507,0.063
N006433,P005,2224,0.148
N006441,P003,644,0.058
N006449,P003,1468,0.046
N006457,P003,1307,0.046
N006465,P094,780,0.037
N006473,P003,1060,0.059
N006481,P006,1628,0.071
N006489,P073,1169,0.043
N006497,P215,1030,0.022
N006505,P020,903,0.032
N006513,P142,183,0.017
N006521,P006,1320,0.038
N006529,P195,1746,0.05
N006537,P004,1962,0.082
N006545,P156,1747,0.051
N006553,P094,1231,0.046
N006561,P094,1946,0.044
N006569,P005,2110,0.097
N006577,P006,707,0.039
N006585,P073,1171,0.04
N006593,P006,1784,0.068
N006601,P001,2090,0.099
N006609,P038,2644,0.07
N006617,P240,1646,0.056
N006625,P006,1445,0.061
N006633,P005,2239,0.107
N006641,P189,2681,0.073
N006649,P020,1927,0.061
N006657,P094,2009,0.063
N006665,P005,2261,0.103
N006673,P094,459,0.029
N006681,P167,533,0.017
N006689,P094,1164,0.032
N006697,P003,1725,0.071
N006705,P004,1460,0.049
N006713,P189,963,0.041
N006721,P120,2332,0.051
N006729,P020,576,0.032
N006737,P215,309,0.014
N006745,P003,1532,0.063
N006753,P002,1809,0.075
N006761,P094,1691,0.059
N006769,P071,2681,0.073
N006777,P004,896,0.052
N006785,P094,552,0.023
N006793,P215,495,0.017
N006801,P003,2219,0.096
N006809,P094,2306,0.066
N006817,P051,2092,0.055
N006825,P098,3274,0.089
N006833,P094,2462,0.081
N006841,P006,1937,0.09
N006849,P129,1432,0.04
N006857,P094,2063,0.051
N006865,P141,1950,0.046
N006873,P007,2561,0.074
N006881,P221,142,0.025
N006889,P094,963,0.027
N006897,P002,2346,0.119
N006905,P189,685,0.04
N006913,P007,3264,0.084
N006921,P260,613,0.044
N006929,P114,84,0.011
N006937,P005,2295,0.127
N006945,P094,2166,0.055
N006953,P094,845,0.039
N006961,P044,1864,0.056
N006969,P108,2205,0.05
N006977,P215,1312,0.052
N006985,P094,1635,0.047
N006993,P165,1277,0.037
N007001,P020,1465,0.04
N007009,P151,157,0.018
N007017,P067,2789,0.089
N007025,P260,419,0.036
N007033,P003,798,0.033
N007041,P059,1085,0.035
N007049,P094,928,0.034
N007057,P002,1042,0.045
N007065,P004,1078,0.046
N007073,P004,1525,0.064
N007081,P197,2222,0.056
N007089,P167,1341,0.045
N007097,P005,1989,0.205
N007105,P105,338,0.031
N007113,P061,1923,0.063
N007121,P094,1191,0.044
N007129,P143,437,0.026
N007137,P240,1198,0.03
N007145,P003,1057,0.041
N007153,P001,2047,0.072
N007161,P227,1036,0.045
N007169,P215,506,0.021
N007177,P005,2288,0.122
N007185,P002,2062,0.086
N007193,P002,2272,0.177
N007201,P010,2044,0.073
N007209,P081,986,0.048
N007217,P002,1796,0.072
N007225,P229,1430,0.054
N007233,P005,2001,0.068
N007241,P146,3001,0.083
N007249,P005,2310,0.133
N007257,P006,939,0.047
N007265,P001,2166,0.079
N007273,P003,779,0.281
N007281,P004,818,0.037
N007289,P001,2236,0.102
N007297,P053,510,0.032
N007305,P020,425,0.018
N007313,P205,1035,0.044
N007321,P094,1294,0.037
N007329,P094,2348,0.162
N007337,P215,939,0.06
N007345,P146,2536,0.093
N007353,P002,2207,0.09
N007361,P001,2167,0.09
N007369,P006,1517,0.067
N007377,P006,1181,0.058
N007385,P127,1097,0.039
N007393,P094,1910,0.043
N007401,P002,994,0.043
N007409,P003,1299,0.042
N007417,P044,680,0.034
N007425,P002,2209,0.098
N007433,P042,1380,0.059
N007441,P006,1453,0.054
N007449,P002,1969,0.09
N007457,P122,255,0.027
N007465,P005,2247,0.085
N007473,P163,908,0.047
N007481,P094,1399,0.05
N007489,P003,1334,0.063
N007497,P005,2326,0.137
N007505,P020,968,0.04
N007513,P003,856,0.035
N007521,P020,994,0.034
N007529,P005,2190,0.09
N007537,P094,781,0.034
N007545,P076,1615,0.045
N007553,P094,1368,0.044
N007561,P094,933,0.034
N007569,P057,1011,0.03
N007577,P187,2156,0.048
N007585,P002,2410,0.113
N007593,P005,2317,0.138
N007601,P129,2240,0.065
N007609,P129,2022,0.052
N007617,P020,2686,0.096
N007625,P005,2343,0.122
N007633,P051,580,0.034
N007641,P003,1600,0.069
N007649,P004,1885,0.092
N007657,P003,1888,0.095
N007665,P189,493,0.028
N007673,P001,1651,0.059
N007681,P005,2300,0.089
N007689,P006,1743,0.078
N007697,P006,1645,0.071
N007705,P002,2282,0.119
N007713,P133,1795,0.059
N007721,P006,1628,0.065
N007729,P075,747,0.035
N007737,P060,2884,0.072
N007745,P241,2034,0.058
N007753,P042,2131,0.053
N007761,P038,1035,0.039
N007769,P094,1329,0.038
N007777,P060,2019,0.049
N007785,P020,1459,0.058
N007793,P005,1569,0.061
N007801,P006,1660,0.074
N007809,P001,2208,0.093
N007817,P006,1326,0.063
N007825,P002,2253,0.098
N007833,P240,2752,0.084
N007841,P002,2094,0.092
N007849,P006,1722,0.079
N007857,P236,2740,0.07
N007865,P006,1706,0.087
N007873,P088,1202,0.048
N007881,P020,1161,0.029
N007889,P006,1768,0.072
N007897,P001,2159,0.068
N007905,P094,451,0.033
N007913,P094,1460,0.047
N007921,P003,1741,0.071
N007929,P229,2023,0.051
N007937,P005,689,0.037
N007945,P084,91,0.013
N007953,P072,2243,0.049
N007961,P100,2247,0.063
N007969,P059,866,0.037
N007977,P094,1223,0.03
N007985,P258,1385,0.045
N007993,P072,2176,0.055
N008001,P056,1257,0.051
N008009,P020,1075,0.038
N008017,P001,1769,0.069
N008025,P129,1182,0.046
N008033,P211,1149,0.041
N008041,P148,2797,0.076
N008049,P248,176,0.028
N008057,P108,868,0.029
N008065,P185,1015,0.036
N008073,P070,2756,0.069
N008081,P006,1012,0.048
N008089,P081,836,0.035
N008097,P094,488,0.021
N008105,P236,2401,0.054
N008113,P090,118,0.031
N008121,P044,422,0.017
N008129,P041,2784,0.062
N008137,P005,2232,0.123
N008145,P001,2296,0.119
N008153,P094,1088,0.038
N008161,P002,1738,0.059
N008169,P002,1344,0.06
N008177,P053,191,0.019
N008185,P002,2269,0.11
N008193,P003,1429,0.058
N008201,P003,1542,0.062
N008209,P136,1611,0.044
N008217,P061,1386,0.056
N008225,P001,1972,0.067
N008233,P065,1613,0.053
N008241,P002,2195,0.108
N008249,P001,2164,0.101
N008257,P086,2253,0.071
N008265,P004,1518,0.069
N008273,P044,2516,0.061
N008281,P200,2235,0.073
N008289,P020,2016,0.049
N008297,P242,1484,0.057
N008305,P001,2252,0.106
N008313,P001,2025,0.079
N008321,P004,855,0.046
N008329,P216,1768,0.058
N008337,P238,883,0.039
N008345,P094,2155,0.051
N008353,P231,1143,0.04
N008361,P094,2436,0.07
N008369,P052,742,0.041
N008377,P017,3178,0.077
N008385,P044,1901,0.064
N008393,P038,399,0.026
N008401,P005,2259,0.086
N008409,P094,330,0.028
N008417,P004,1516,0.059
N008425,P094,1760,0.06
N008433,P164,685,0.035
N008441,P005,1540,0.056
N008449,P084,256,0.023
N008457,P046,112,0.01
N008465,P002,2143,0.059
N008473,P094,392,0.027
N008481,P006,728,0.032
N008489,P003,1428,0.058
N008497,P005,1347,0.055
N008505,P004,1164,0.045
N008513,P021,286,0.016
N008521,P158,558,0.019
N008529,P181,840,0.022
N008537,P001,1530,0.061
N008545,P071,1820,0.058
N008553,P003,1224,0.061
N008561,P048,2274,0.057
N008569,P136,2037,0.054
N008577,P006,1341,0.068
N008585,P002,2281,0.102
N008593,P059,1173,0.043
N008601,P094,836,0.026
N008609,P002,2180,0.069
N008617,P071,800,0.039
N008625,P002,2237,0.091
N008633,P003,1493,0.056
N008641,P004,1712,0.075
N008649,P216,2522,0.077
N008657,P005,2287,0.105
N008665,P064,2476,0.081
N008673,P044,460,0.033
N008681,P094,2075,0.047
N008689,P044,1079,0.038
N008697,P005,2182,0.083
N008705,P189,2153,0.057
N008713,P002,1878,0.091
N008721,P006,1750,0.071
N008729,P006,1373,0.058
N008737,P207,2763,0.066
N008745,P209,120,0.025
N008753,P169,781,0.019
N008761,P141,3098,0.068
N008769,P177,665,0.039
N008777,P001,2156,0.096
N008785,P013,32,0.02
N008793,P001,2174,0.069
N008801,P193,1610,0.055
N008809,P044,1807,0.052
N008817,P094,2327,0.067
N008825,P001,1988,0.089
N008833,P060,726,0.038
N008841,P041,724,0.028
N008849,P003,1758,0.068
N008857,P215,2879,0.079
N008865,P240,2182,0.064
N008873,P004,1866,0.085
N008881,P020,875,0.036
N008889,P094,1213,0.045
N008897,P094,2709,0.067
N008905,P042,1960,0.07
N008913,P003,1447,0.047
N008921,P184,1156,0.039
N008929,P002,2282,0.161
N008937,P151,192,0.027
N008945,P002,2252,0.09
N008953,P111,1610,0.058
N008961,P189,907,0.037
N008969,P005,2108,0.069
N008977,P071,1140,0.045
N008985,P002,2186,0.087
N008993,P168,364,0.029
N009001,P146,2019,0.041
N009009,P003,1593,0.076
N009017,P207,2351,0.059
N009025,P228,1000,0.038
N009033,P216,744,0.026
N009041,P222,1805,0.049
N009049,P005,2320,0.085
N009057,P004,1513,0.054
N009065,P005,1937,0.063
N009073,P004,1633,0.073
N009081,P229,2065,0.049
N009089,P094,1476,0.062
N009097,P044,989,0.036
N009105,P240,1711,0.054
N009113,P156,326,0.022
N009121,P053,1266,0.032
N009129,P094,1928,0.06
N009137,P094,2848,0.069
N009145,P240,827,0.043
N009153,P028,1607,0.047
N009161,P183,409,0.027
N009169,P002,2023,0.091
N009177,P094,2351,0.06
N009185,P020,1888,0.057
N009193,P037,129,0.018
N009201,P255,889,0.024
N009209,P221,155,0.016
N009217,P223,777,0.024
N009225,P003,1208,0.048
N009233,P003,1698,0.078
N009241,P183,3132,0.087
N009249,P003,1065,0.054
N009257,P241,1585,0.043
N009265,P004,1458,0.046
N009273,P129,494,0.028
N009281,P002,2216,0.101
N009289,P094,1206,0.065
N009297,P005,2166,0.103
N009305,P122,2576,0.069
N009313,P194,583,0.031
N009321,P094,269,0.014
N009329,P013,1974,0.036
N009337,P040,809,0.034
N009345,P004,783,0.033
N009353,P038,731,0.028
N009361,P002,2264,0.116
N009369,P006,1195,0.059
N009377,P020,439,0.021
N009385,P227,325,0.018
N009393,P137,537,0.02
N009401,P097,1482,0.047
N009409,P006,1679,0.067
N009417,P249,383,0.027
N009425,P002,2213,0.083
N009433,P003,1559,0.07
N009441,P020,2003,0.052
N009449,P094,1206,0.034
N009457,P231,2472,0.056
N009465,P192,968,0.04
N009473,P001,2226,0.085
N009481,P234,1620,0.058
N009489,P003,1032,0.045
N009497,P001,2053,0.378
N009505,P214,2095,0.066
N009513,P094,2306,0.251
N009521,P005,2066,0.226
N009529,P151,1929,0.065
N009537,P254,108,0.028
N009545,P107,178,0.02
N009553,P004,1895,0.099
N009561,P002,2392,0.092
N009569,P189,938,0.044
N009577,P006,1405,0.063
N009585,P002,2098,0.082
N009593,P020,2106,0.062
N009601,P001,2266,0.123
N009609,P001,2431,0.143
N009617,P005,2514,0.135
N009625,P006,1519,0.067
N009633,P004,1693,0.075
N009641,P005,2254,0.104
N009649,P001,2335,0.115
N009657,P001,2369,0.119
N009665,P003,1337,0.061
N009673,P006,1756,0.079
N009681,P238,1671,0.064
N009689,P004,1589,0.234
N009697,P005,1081,0.052
N009705,P172,2036,0.048
N009713,P005,2194,0.096
N009721,P005,2225,0.099
N009729,P094,2174,0.064
N009737,P183,2226,0.069
N009745,P002,2474,0.121
N009753,P240,2388,0.077
N009761,P004,1202,0.055
N009769,P004,1215,0.052
N009777,P003,1412,0.046
N009785,P073,1198,0.04
N009793,P227,1500,0.047
N009801,P001,2125,0.088
N009809,P094,327,0.028
N009817,P020,2149,0.042
N009825,P006,1555,0.061
N009833,P131,184,0.02
N009841,P003,1173,0.043
N009849,P088,1284,0.046
N009857,P224,432,0.024
N009865,P088,1413,0.037
N009873,P196,2908,0.082
N009881,P006,1423,0.07
N009889,P094,1583,0.049
N009897,P094,961,0.04
N009905,P126,168,0.015
N009913,P049,1825,0.035
N009921,P134,1249,0.062
N009929,P039,2591,0.063
N009937,P094,2019,0.051
N009945,P003,1094,0.045
N009953,P180,909,0.073
N009961,P001,2262,0.097
N009969,P004,559,0.042
N009977,P020,1186,0.038
N009985,P001,2191,0.105
N009993,P199,2009,0.062
N010001,P002,1989,0.089
N010009,P260,877,0.037
N010017,P021,926,0.024
N010025,P044,1644,0.046
N010033,P124,2085,0.049
N010041,P181,2194,0.059
N010049,P180,513,0.032
N010057,P020,407,0.018
N010065,P240,2060,0.04
N010073,P004,814,0.036
N010081,P094,2568,0.058
N010089,P094,861,0.043
N010097,P003,1017,0.036
N010105,P005,2494,0.091
N010113,P223,2513,0.07
N010121,P001,1526,0.068
N010129,P088,2492,0.056
N010137,P094,2901,0.09
N010145,P094,947,0.041
N010153,P094,510,0.022
N010161,P195,2421,0.059
N010169,P094,2590,0.102
N010177,P005,2296,0.086
N010185,P006,1459,0.071
N010193,P240,868,0.029
N010201,P044,683,0.021
N010209,P004,802,0.033
N010217,P240,2328,0.053
N010225,P198,3078,0.088
N010233,P232,907,0.045
N010241,P124,1503,0.046
N010249,P005,2534,0.149
N010257,P001,2237,0.081
N010265,P056,2070,0.055
N010273,P094,1405,0.042
N010281,P240,996,0.034
N010289,P004,1270,0.039
N010297,P004,1073,0.046
N010305,P094,1951,0.042
N010313,P004,1826,0.082
N010321,P001,2240,0.102
N010329,P227,613,0.04
N010337,P094,656,0.027
N010345,P006,1564,0.059
N010353,P002,2252,0.093
N010361,P255,2136,0.059
N010369,P094,1228,0.052
N010377,P005,1796,0.061
N010385,P221,111,0.019
N010393,P020,3318,0.087
N010401,P178,2724,0.079
N010409,P002,2270,0.124
N010417,P002,2453,0.135
N010425,P213,1416,0.055
N010433,P021,197,0.019
N010441,P001,2302,0.105
N010449,P094,915,0.045
N010457,P002,2233,0.091
N010465,P094,2277,0.073
N010473,P006,1366,0.06
N010481,P075,2422,0.059
N010489,P003,1801,0.085
N010497,P002,2160,0.075
N010505,P005,2199,0.094
N010513,P001,2489,0.127
N010521,P051,1686,0.06
N010529,P129,1164,0.037
N010537,P227,772,0.03
N010545,P181,1999,0.04
N010553,P094,396,0.026
N010561,P004,1055,0.035
N010569,P006,1674,0.06
N010577,P217,1391,0.052
N010585,P004,1717,0.069
N010593,P219,1413,0.037
N010601,P094,2308,0.055
N010609,P005,2167,0.107
N010617,P094,988,0.042
N010625,P014,899,0.031
N010633,P020,276,0.017
N010641,P094,1097,0.021
N010649,P073,975,0.038
N010657,P002,2120,0.087
N010665,P127,1085,0.048
N010673,P088,2530,0.068
N010681,P175,2268,0.07
N010689,P006,1743,0.065
N010697,P254,103,0.019
N010705,P031,2785,0.08
N010713,P094,598,0.034
N010721,P215,1366,0.031
N010729,P094,2648,0.068
N010737,P094,1113,0.046
N010745,P002,2321,0.105
N010753,P001,2294,0.106
N010761,P073,2077,0.069
N010769,P003,759,0.042
N010777,P215,2069,0.048
N010785,P094,380,0.026
N010793,P042,2331,0.058
N010801,P180,200,0.022
N010809,P183,276,0.014
N010817,P005,2318,0.108
N010825,P215,869,0.036
N010833,P005,2152,0.072
N010841,P106,2729,0.084
N010849,P020,201,0.029
N010857,P004,1544,0.057
N010865,P227,1190,0.038
N010873,P005,2444,0.101
N010881,P004,818,0.043
N010889,P129,2102,0.045
N010897,P094,1724,0.049
N010905,P001,2162,0.076
N010913,P002,2119,0.077
N010921,P067,2118,0.069
N010929,P235,2454,0.078
N010937,P005,1544,0.067
N010945,P250,1112,0.031
N010953,P230,2711,0.064
N010961,P240,1162,0.048
N010969,P232,790,0.029
N010977,P240,248,0.014
N010985,P002,2182,0.086
N010993,P020,1176,0.041
N011001,P004,766,0.035
N011009,P001,2222,0.095
N011017,P001,2244,0.112
N011025,P094,2361,0.059
N011033,P002,2200,0.095
N011041,P001,2232,0.11
N011049,P073,1490,0.052
N011057,P004,1051,0.044
N011065,P181,816,0.025
N011073,P006,1427,0.042
N011081,P005,1949,0.059
N011089,P152,2319,0.059
N011097,P001,2281,0.111
N011105,P005,1211,0.058
N011113,P112,2159,0.057
N011121,P238,1667,0.053
N011129,P006,1291,0.044
N011137,P200,680,0.03
N011145,P157,1003,0.032
N011153,P094,2162,0.047
N011161,P020,1961,0.065
N011169,P112,523,0.027
N011177,P217,1421,0.032
N011185,P094,816,0.029
N011193,P003,934,0.037
N011201,P094,1636,0.042
N011209,P003,1060,0.054
N011217,P141,697,0.03
N011225,P003,1343,0.061
N011233,P048,892,0.032
N011241,P004,1602,0.058
N011249,P094,747,0.034
N011257,P094,429,0.022
N011265,P061,687,0.022
N011273,P098,2145,0.05
N011281,P003,1258,0.056
N011289,P062,1510,0.047
N011297,P001,2361,0.114
N011305,P020,217,0.028
N011313,P094,1169,0.025
N011321,P189,2129,0.049
N011329,P006,1076,0.051
N011337,P044,1254,0.03
N011345,P005,2292,0.115
N011353,P006,1083,0.046
N011361,P006,1250,0.055
N011369,P036,1920,0.245
N011377,P069,651,0.031
N011385,P096,988,0.031
N011393,P003,1831,0.065
N011401,P047,2363,0.062
N011409,P002,1455,0.064
N011417,P222,472,0.026
N011425,P088,1738,0.048
N011433,P001,2317,0.09
N011441,P105,1024,0.045
N011449,P005,2070,0.106
N011457,P217,522,0.035
N011465,P017,1581,0.052
N011473,P005,2287,0.115
N011481,P003,1660,0.066
N011489,P020,2585,0.069
N011497,P003,1588,0.062
N011505,P094,469,0.024
N011513,P091,2267,0.046
N011521,P005,2409,0.131
N011529,P004,1061,0.053
N011537,P157,676,0.025
N011545,P241,1277,0.032
N011553,P209,1922,0.042
N011561,P004,1725,0.072
N011569,P003,1383,0.061
N011577,P200,730,0.033
N011585,P001,2331,0.071
N011593,P002,2437,0.097
N011601,P191,653,0.037
N011609,P049,1331,0.044
N011617,P006,823,0.046
N011625,P005,2373,0.133
N011633,P094,1782,0.088
N011641,P208,1434,0.055
N011649,P136,2324,0.056
N011657,P229,1380,0.043
N011665,P005,1648,0.093
N011673,P257,885,0.042
N011681,P181,1991,0.064
N011689,P020,2592,0.07
N011697,P177,1269,0.094
N011705,P259,1662,0.056
N011713,P002,2314,0.099
N011721,P003,1460,0.074
N011729,P003,1027,0.048
N011737,P005,2163,0.082
N011745,P005,2478,0.123
N011753,P003,631,0.046
N011761,P003,1076,0.039
N011769,P006,1489,0.049
N011777,P079,1407,0.046
N011785,P255,492,0.024
N011793,P004,1015,0.037
N011801,P006,1490,0.05
N011809,P094,863,0.036
N011817,P094,112,0.013
N011825,P027,2107,0.041
N011833,P189,2871,0.084
N011841,P084,110,0.029
N011849,P002,2268,0.108
N011857,P004,756,0.047
N011865,P005,2395,0.14
N011873,P213,1799,0.065
N011881,P004,1509,0.064
N011889,P004,1518,0.063
N011897,P107,114,0.019
N011905,P188,1886,0.047
N011913,P094,670,0.034
N011921,P002,2284,0.116
N011929,P005,2262,0.127
N011937,P181,2095,0.094
N011945,P094,1235,0.052
N011953,P003,830,0.041
N011961,P006,1664,0.073
N011969,P094,804,0.035
N011977,P016,66,0.014
N011985,P181,466,0.018
N011993,P031,1137,0.03
N000002,P002,2265,0.099
N000010,P004,1373,0.073
N000018,P094,1536,0.057
N000026,P001,1922,0.072
N000034,P225,150,0.021
N000042,P006,1649,0.062
N000050,P225,1624,0.051
N000058,P001,2268,0.111
N000066,P112,209,0.025
N000074,P238,1098,0.028
N000082,P006,1358,0.053
N000090,P236,584,0.026
N000098,P002,2173,0.075
N000106,P028,1991,0.052
N000114,P004,764,0.036
N000122,P189,1956,0.053
N000130,P122,2427,0.06
N000138,P255,2638,0.075
N000146,P096,1151,0.052
N000154,P089,1329,0.032
N000162,P002,2273,0.1
N000170,P137,2530,0.081
N000178,P094,812,0.042
N000186,P001,2141,0.087
N000194,P205,374,0.028
N000202,P017,1000,0.033
N000210,P001,2183,0.08
N000218,P146,1533,0.048
N000226,P003,1752,0.077
N000234,P004,1026,0.041
N000242,P088,1952,0.042
N000250,P006,745,0.04
N000258,P005,2537,0.08
N000266,P080,2814,0.094
N000274,P005,2027,0.077
N000282,P019,416,0.031
N000290,P081,1234,0.025
N000298,P094,2628,0.062
N000306,P004,1595,0.066
N000314,P002,2379,0.099
N000322,P215,991,0.044
N000330,P006,1553,0.058
N000338,P001,2339,0.099
N000346,P002,2453,0.136
N000354,P181,1122,0.047
N000362,P094,564,0.028
N000370,P084,200,0.015
N000378,P044,985,0.025
N000386,P001,2356,0.098
N000394,P005,2027,0.098
N000402,P002,2018,0.074
N000410,P170,726,0.044
N000418,P097,930,0.034
N000426,P227,2071,0.057
N000434,P001,2233,0.081
N000442,P029,2918,0.082
N000450,P260,2231,0.061
N000458,P001,2517,0.112
N000466,P240,2711,0.079
N000474,P002,2239,0.099
N000482,P089,2452,0.065
N000490,P003,1052,0.055
N000498,P232,1354,0.032
N000506,P232,1075,0.037
N000514,P006,1521,0.065
N000522,P001,2284,0.117
N000530,P172,1875,0.06
N000538,P094,2233,0.065
N000546,P087,497,0.028
N000554,P181,2319,0.054
N000562,P002,2058,0.079
N000570,P240,1083,0.04
N000578,P225,965,0.033
N000586,P094,1797,0.049
N000594,P005,1342,0.059
N000602,P038,522,0.026
N000610,P232,3159,0.071
N000618,P003,1570,0.072
N000626,P004,1377,0.044
N000634,P001,2107,0.1
N000642,P002,1985,0.075
N000650,P005,2449,0.144
N000658,P002,2229,0.105
N000666,P001,2187,0.087
N000674,P094,2142,0.058
N000682,P145,221,0.025
N000690,P094,472,0.017
N000698,P094,2306,0.058
N000706,P041,1437,0.053
N000714,P094,2109,0.053
N000722,P183,1232,0.043
N000730,P031,1121,0.04
N000738,P216,356,0.018
N000746,P207,629,0.027
N000754,P003,907,0.032
N000762,P137,2066,0.045
N000770,P044,353,0.029
N000778,P013,140,0.011
N000786,P004,1301,0.032
N000794,P005,2194,0.1
N000802,P003,760,0.039
N000810,P006,606,0.035
N000818,P094,832,0.031
N000826,P002,1341,0.051
N000834,P001,2290,0.101
N000842,P094,1483,0.053
N000850,P122,3004,0.082
N000858,P003,1167,0.062
N000866,P003,1518,0.058
N000874,P215,1197,0.037
N000882,P094,198,0.021
N000890,P240,2786,0.067
N000898,P240,1137,0.039
N000906,P172,636,0.032
N000914,P021,1944,0.057
N000922,P003,1918,0.077
N000930,P026,298,0.02
N000938,P005,2177,0.076
N000946,P088,1674,0.057
N000954,P102,392,0.022
N000962,P215,2012,0.043
N000970,P158,682,0.032
N000978,P020,1521,0.041
N000986,P013,165,0.018
N000994,P003,1432,0.055
N001002,P006,1430,0.063
N001010,P005,2282,0.128
N001018,P080,2330,0.066
N001026,P003,1157,0.056
N001034,P001,2310,0.112
N001042,P255,1455,0.058
N001050,P255,1532,0.044
N001058,P006,1422,0.06
N001066,P001,2190,0.089
N001074,P005,2224,0.103
N001082,P005,2446,0.145
N001090,P076,2953,0.089
N001098,P104,463,0.035
N001106,P094,1491,0.043
N001114,P001,2213,0.081
N001122,P182,1368,0.052
N001130,P020,966,0.04
N001138,P004,1453,0.05
N001146,P151,1897,0.044
N001154,P240,1118,0.038
N001162,P001,1479,0.062
N001170,P146,2831,0.076
N001178,P094,840,0.04
N001186,P227,2990,0.083
N001194,P240,1396,0.061
N001202,P044,2001,0.043
N001210,P094,1223,0.036
N001218,P013,158,0.017
N001226,P001,2329,0.101
N001234,P240,2527,0.067
N001242,P005,2401,0.145
N001250,P020,491,0.034
N001258,P137,1271,0.042
N001266,P238,605,0.028
N001274,P240,826,0.031
N001282,P001,1881,0.07
N001290,P094,1624,0.052
N001298,P006,1349,0.043
N001306,P094,641,0.032
N001314,P005,2011,0.092
N001322,P094,166,0.024
N001330,P004,1083,0.032
N001338,P094,1388,0.038
N001346,P148,2201,0.049
N001354,P003,831,0.048
N001362,P136,2619,0.058
N001370,P004,1562,0.062
N001378,P094,2419,0.058
N001386,P044,1278,0.05
N001394,P003,756,0.034
N001402,P005,2473,0.113
N001410,P088,291,0.028
N001418,P020,739,0.023
N001426,P141,1239,0.029
N001434,P044,1327,0.049
N001442,P005,2335,0.122
N001450,P181,401,0.03
N001458,P094,982,0.028
N001466,P170,2429,0.054
N001474,P010,2117,0.058
N001482,P020,1925,0.046
N001490,P143,1924,0.059
N001498,P001,2352,0.1
N001506,P221,148,0.025
N001514,P207,2210,0.045
N001522,P001,2222,0.095
N001530,P094,1038,0.046
N001538,P003,492,0.026
N001546,P003,1311,0.039
N001554,P005,2121,0.08
N001562,P002,1839,0.082
N001570,P094,2020,0.057
N001578,P003,1489,0.114
N001586,P003,1770,0.07
N001594,P014,728,0.039
N001602,P006,1388,0.059
N001610,P094,1835,0.057
N001618,P005,2478,0.12
N001626,P179,1248,0.04
N001634,P094,2527,0.076
N001642,P087,592,0.033
N001650,P094,371,0.016
N001658,P136,1067,0.031
N001666,P003,1355,0.042
N001674,P042,502,0.024
N001682,P217,1131,0.031
N001690,P003,825,0.038
N001698,P005,2172,0.08
N001706,P094,2780,0.078
N001714,P001,2275,0.122
N001722,P006,1007,0.05
N001730,P020,1065,0.032
N001738,P228,975,0.035
N001746,P003,384,0.022
N001754,P094,968,0.032
N001762,P004,1131,0.046
N001770,P047,1295,0.039
N001778,P027,1841,0.07
N001786,P020,1356,0.044
N001794,P098,1132,0.037
N001802,P097,646,0.027
N001810,P026,2361,0.055
N001818,P240,920,0.041
N001826,P005,2086,0.068
N001834,P255,185,0.026
N001842,P006,663,0.024
N001850,P240,972,0.029
N001858,P071,2235,0.143
N001866,P002,2230,0.119
N001874,P251,1491,0.062
N001882,P215,1376,0.053
N001890,P143,708,0.029
N001898,P232,1641,0.055
N001906,P094,585,0.03
N001914,P006,1670,0.057
N001922,P101,1836,0.05
N001930,P004,1376,0.292
N001938,P094,474,0.061
N001946,P209,190,0.021
N001954,P006,1360,0.072
N001962,P136,1684,0.078
N001970,P246,1263,0.043
N001978,P002,2132,0.144
N001986,P201,360,0.034
N001994,P029,507,0.031
N002002,P005,2271,0.09
N002010,P257,1439,0.073
N002018,P001,2179,0.109
N002026,P003,1278,0.059
N002034,P094,1185,0.046
N002042,P003,873,0.04
N002050,P003,889,0.037
N002058,P005,2182,0.082
N002066,P003,639,0.042
N002074,P020,2196,0.052
N002082,P190,1952,0.049
N002090,P005,2151,0.086
N002098,P181,2244,0.061
N002106,P086,832,0.044
N002114,P228,2505,0.078
N002122,P025,74,0.155
N002130,P240,2759,0.079
N002138,P094,549,0.04
N002146,P136,987,0.034
N002154,P006,1630,0.053
N002162,P006,1744,0.062
N002170,P001,2152,0.084
N002178,P240,889,0.044
N002186,P094,761,0.033
N002194,P227,1344,0.042
N002202,P006,653,0.035
N002210,P020,868,0.032
N002218,P240,1485,0.047
N002226,P004,1458,0.058
N002234,P004,1304,0.061
N002242,P234,1365,0.047
N002250,P228,1314,0.041
N002258,P002,2144,0.093
N002266,P094,1098,0.042
N002274,P094,280,0.021
N002282,P006,1531,0.042
N002290,P005,1552,0.063
N002298,P094,2850,0.073
N002306,P003,564,0.046
N002314,P088,993,0.032
N002322,P180,546,0.023
N002330,P020,2931,0.073
N002338,P045,3161,0.099
N002346,P004,1539,0.079
N002354,P094,909,0.034
N002362,P094,288,0.017
N002370,P217,2796,0.065
N002378,P006,1617,0.073
N002386,P001,2253,0.118
N002394,P232,2554,0.072
N002402,P005,1767,0.079
N002410,P209,89,0.022
N002418,P020,1716,0.036
N002426,P005,2129,0.079
N002434,P056,1138,0.044
N002442,P094,2304,0.055
N002450,P005,2282,0.127
N002458,P094,2069,0.058
N002466,P004,1970,0.09
N002474,P062,606,0.031
N002482,P094,2442,0.051
N002490,P167,695,0.041
N002498,P004,1281,0.055
N002506,P088,2716,0.073
N002514,P240,427,0.034
N002522,P114,127,0.012
N002530,P005,2276,0.113
N002538,P028,1105,0.05
N002546,P200,1196,0.03
N002554,P096,345,0.022
N002562,P094,2360,0.051
N002570,P006,1404,0.057
N002578,P005,2279,0.103
N002586,P141,1153,0.041
N002594,P246,1334,0.035
N002602,P020,1196,0.042
N002610,P094,826,0.027
N002618,P094,2845,0.065
N002626,P005,2280,0.107
N002634,P005,2263,0.119
N002642,P094,311,0.028
N002650,P217,1990,0.045
N002658,P260,896,0.032
N002666,P181,2327,0.074
N002674,P005,2250,0.095
N002682,P184,569,0.031
N002690,P067,176,0.012
N002698,P004,1610,0.058
N002706,P003,1970,0.093
N002714,P079,1395,0.052
N002722,P002,2470,0.11
N002730,P240,925,0.042
N002738,P234,3087,0.072
N002746,P146,796,0.04
N002754,P225,1349,0.043
N002762,P248,1735,0.042
N002770,P006,1581,0.057
N002778,P094,708,0.028
N002786,P006,1862,0.073
N002794,P094,2635,0.075
N002802,P002,2229,0.1
N002810,P151,169,0.025
N002818,P096,313,0.016
N002826,P004,1524,0.059
N002834,P004,1501,0.062
N002842,P052,725,0.028
N002850,P106,2426,0.062
N002858,P041,926,0.041
N002866,P001,2033,0.08
N002874,P094,1131,0.037
N002882,P004,1181,0.046
N002890,P002,2010,0.093
N002898,P056,1722,0.061
N002906,P044,3266,0.105
N002914,P021,2457,0.069
N002922,P094,722,0.037
N002930,P004,1539,0.067
N002938,P069,2793,0.069
N002946,P006,1866,0.087
N002954,P141,2581,0.063
N002962,P240,730,0.045
N002970,P001,2265,0.11
N002978,P094,1596,0.051
N002986,P003,1969,0.084
N002994,P005,2314,0.103
N003002,P001,1776,0.083
N003010,P020,984,0.037
N003018,P004,882,0.038
N003026,P217,2072,0.044
N003034,P003,686,0.044
N003042,P004,1573,0.061
N003050,P002,2012,0.098
N003058,P138,1962,0.049
N003066,P003,1435,0.059
N003074,P005,1954,0.079
N003082,P003,1275,0.048
N003090,P189,916,0.03
N003098,P006,1374,0.057
N003106,P094,2549,0.07
N003114,P003,1503,0.07
N003122,P001,2247,0.094
N003130,P002,2282,0.107
N003138,P204,2578,0.074
N003146,P096,1231,0.051
N003154,P002,2266,0.096
N003162,P200,582,0.032
N003170,P157,478,0.019
N003178,P020,2234,0.048
N003186,P215,1482,0.055
N003194,P094,2468,0.079
N003202,P094,1220,0.04
N003210,P061,2288,0.063
N003218,P167,1783,0.058
N003226,P044,288,0.023
N003234,P094,470,0.015
N003242,P044,1122,0.023
N003250,P061,1426,0.041
N003258,P006,983,0.045
N003266,P094,347,0.021
N003274,P006,1517,0.052
N003282,P002,2292,0.098
N003290,P004,914,0.046
N003298,P200,133,0.014
N003306,P002,2123,0.066
N003314,P003,1270,0.046
N003322,P036,521,0.031
N003330,P001,1307,0.055
N003338,P003,1732,0.071
N003346,P001,1970,0.076
N003354,P097,1243,0.045
N003362,P094,1675,0.047
N003370,P020,1049,0.028
N003378,P215,2412,0.07
N003386,P214,614,0.038
N003394,P255,372,0.019
N003402,P236,3517,0.091
N003410,P212,1542,0.065
N003418,P185,1978,0.062
N003426,P006,966,0.047
N003434,P005,1446,0.056
N003442,P088,2834,0.069
N003450,P003,1233,0.064
N003458,P122,1555,0.055
N003466,P094,1503,0.045
N003474,P044,735,0.033
N003482,P020,189,0.017
N003490,P046,93,0.009
N003498,P026,1029,0.03
N003506,P094,1272,0.054
N003514,P004,595,0.038
N003522,P004,621,0.032
N003530,P096,461,0.019
N003538,P240,2810,0.074
N003546,P094,1380,0.057
N003554,P094,2481,0.069
N003562,P215,2231,0.061
N003570,P120,122,0.022
N003578,P002,2313,0.102
N003586,P217,1163,0.049
N003594,P240,1409,0.048
N003602,P213,2756,0.067
N003610,P004,1761,0.086
N003618,P094,572,0.03
N003626,P006,1466,0.04
N003634,P005,1565,0.061
N003642,P248,163,0.02
N003650,P235,586,0.017
N003658,P195,1301,0.036
N003666,P120,148,0.017
N003674,P004,640,0.022
N003682,P020,479,0.022
N003690,P002,2351,0.112
N003698,P175,658,0.032
N003706,P215,2938,0.079
N003714,P003,1481,0.069
N003722,P094,2195,0.06
N003730,P013,130,0.019
N003738,P094,2384,0.062
N003746,P232,296,0.027
N003754,P001,1987,0.086
N003762,P240,816,0.038
N003770,P136,1474,0.039
N003778,P161,3156,0.082
N003786,P002,2422,0.114
N003794,P094,221,0.026
N003802,P013,132,0.01
N003810,P004,1274,0.048
N003818,P167,239,0.019
N003826,P017,2608,0.062
N003834,P001,2148,0.085
N003842,P136,1066,0.044
N003850,P209,160,0.015
N003858,P094,1315,0.037
N003866,P146,636,0.03
N003874,P002,2395,0.135
N003882,P004,1586,0.071
N003890,P013,164,0.019
N003898,P005,2181,0.076
N003906,P026,1632,0.06
N003914,P183,2554,0.076
N003922,P006,1663,0.076
N003930,P006,1554,0.062
N003938,P003,1543,0.064
N003946,P020,2161,0.056
N003954,P005,1783,0.076
N003962,P094,2648,0.064
N003970,P179,2389,0.065
N003978,P005,2434,0.116
N003986,P228,1971,0.054
N003994,P006,880,0.043
N004002,P003,1838,0.072
N004010,P217,921,0.031
N004018,P094,751,0.03
N004026,P041,1060,0.037
N004034,P094,1845,0.052
N004042,P094,1965,0.046
N004050,P189,2253,0.053
N004058,P014,2308,0.264
N004066,P035,840,0.062
N004074,P003,1445,0.077
N004082,P004,1592,0.065
N004090,P003,938,0.047
N004098,P005,2190,0.085
N004106,P002,2327,0.121
N004114,P037,474,0.035
N004122,P006,1224,0.052
N004130,P006,1791,0.084
N004138,P229,546,0.031
N004146,P195,2670,0.084
N004154,P072,1435,0.062
N004162,P221,166,0.019
N004170,P001,2181,0.101
N004178,P006,1324,0.069
N004186,P004,1002,0.045
N004194,P215,718,0.027
N004202,P093,735,0.031
N004210,P240,2295,0.053
N004218,P004,1553,0.165
N004226,P213,608,0.041
N004234,P061,3271,0.086
N004242,P094,2085,0.063
N004250,P240,3013,0.1
N004258,P231,1080,0.048
N004266,P194,735,0.033
N004274,P001,1356,0.068
N004282,P215,1076,0.044
N004290,P004,1134,0.05
N004298,P006,1429,0.053
N004306,P044,888,0.031
N004314,P226,135,0.013
N004322,P004,1338,0.052
N004330,P255,1929,0.047
N004338,P168,1773,0.046
N004346,P015,206,0.022
N004354,P044,477,0.02
N004362,P005,1648,0.067
N004370,P088,1955,0.048
N004378,P028,844,0.04
N004386,P013,116,0.013
N004394,P001,2312,0.091
N004402,P189,834,0.04
N004410,P005,2062,0.101
N004418,P006,1675,0.067
N004426,P004,700,0.037
N004434,P098,2396,0.058
N004442,P094,1099,0.046
N004450,P004,1229,0.057
N004458,P094,2092,0.072
N004466,P001,2181,0.093
N004474,P003,637,0.041
N004482,P018,1492,0.045
N004490,P005,2188,0.083
N004498,P011,144,0.024
N004506,P020,566,0.019
N004514,P001,2256,0.102
N004522,P005,2206,0.116
N004530,P094,2202,0.06
N004538,P005,2294,0.115
N004546,P202,900,0.047
N004554,P004,1294,0.04
N004562,P039,1074,0.04
N004570,P232,2467,0.068
N004578,P006,828,0.045
N004586,P005,2163,0.089
N004594,P094,2486,0.076
N004602,P190,2268,0.063
N004610,P217,2652,0.083
N004618,P002,1756,0.077
N004626,P241,940,0.033
N004634,P002,2403,0.11
N004642,P005,2242,0.115
N004650,P001,2143,0.105
N004658,P189,2089,0.055
N004666,P094,712,0.039
N004674,P006,913,0.035
N004682,P240,1200,0.037
N004690,P094,1191,0.038
N004698,P006,1606,0.071
N004706,P006,1535,0.065
N004714,P203,2701,0.079
N004722,P020,2092,0.055
N004730,P020,2087,0.05
N004738,P213,1050,0.043
N004746,P232,2139,0.064
N004754,P005,2231,0.106
N004762,P005,2106,0.083
N004770,P004,1438,0.054
N004778,P227,1400,0.041
N004786,P073,3110,0.088
N004794,P123,183,0.029
N004802,P028,1618,0.034
N004810,P004,1018,0.048
N004818,P020,2079,0.06
N004826,P255,3016,0.089
N004834,P001,2300,0.117
N004842,P002,2217,0.105
N004850,P217,2234,0.057
N004858,P241,2140,0.067
N004866,P001,2273,0.1
N004874,P183,774,0.033
N004882,P057,1414,0.036
N004890,P005,908,0.04
N004898,P005,1237,0.044
N004906,P182,1457,0.056
N004914,P044,1443,0.05
N004922,P005,2151,0.085
N004930,P004,1173,0.053
N004938,P255,2564,0.073
N004946,P006,1428,0.064
N004954,P061,1682,0.052
N004962,P004,1595,0.055
N004970,P240,1135,0.043
N004978,P006,1358,0.06
N004986,P004,843,0.042
N004994,P029,370,0.019
N005002,P036,2362,0.052
N005010,P124,2016,0.047
N005018,P094,1250,0.043
N005026,P240,687,0.031
N005034,P027,322,0.021
N005042,P065,388,0.019
N005050,P065,1001,0.034
N005058,P003,1086,0.039
N005066,P113,3246,0.091
N005074,P001,2331,0.146
N005082,P017,2411,0.084
N005090,P240,1755,0.056
N005098,P061,2194,0.057
N005106,P005,2229,0.1
N005114,P075,1945,0.051
N005122,P094,938,0.035
N005130,P001,2242,0.086
N005138,P094,1061,0.045
N005146,P001,2242,0.108
N005154,P071,1738,0.066
N005162,P002,1105,0.048
N005170,P005,2227,0.093
N005178,P053,1068,0.046
N005186,P094,2030,0.042
N005194,P061,911,0.036
N005202,P006,1749,0.069
N005210,P191,1208,0.034
N005218,P204,653,0.028
N005226,P005,2157,0.057
N005234,P094,676,0.034
N005242,P040,1336,0.032
N005250,P094,2222,0.053
N005258,P003,831,0.048
N005266,P004,1674,0.066
N005274,P005,2260,0.118
N005282,P175,2430,0.094
N005290,P221,174,0.025
N005298,P020,1138,0.029
N005306,P003,665,0.03
N005314,P005,2432,0.118
N005322,P215,408,0.033
N005330,P004,956,0.038
N005338,P001,2204,0.083
N005346,P039,2304,0.064
N005354,P002,2113,0.074
N005362,P002,2207,0.088
N005370,P083,571,0.031
N005378,P094,1720,0.043
N005386,P020,1230,0.036
N005394,P241,1199,0.041
N005402,P028,1925,0.052
N005410,P006,641,0.034
N005418,P094,1770,0.045
N005426,P200,346,0.022
N005434,P016,91,0.011
N005442,P005,2116,0.064
N005450,P175,2844,0.079
N005458,P215,1887,0.051
N005466,P005,2309,0.117
N005474,P003,1432,0.068
N005482,P005,2026,0.065
N005490,P006,1203,0.06
N005498,P029,1264,0.047
N005506,P094,305,0.023
N005514,P094,2528,0.056
N005522,P001,2086,0.081
N005530,P096,1335,0.042
N005538,P002,1314,0.051
N005546,P006,1526,0.065
N005554,P044,686,0.027
N005562,P189,925,0.03
N005570,P005,2179,0.067
N005578,P002,1781,0.075
N005586,P094,1434,0.051
N005594,P027,1294,0.044
N005602,P004,1426,0.049
N005610,P117,216,0.02
N005618,P001,2186,0.076
N005626,P094,1012,0.041
N005634,P238,334,0.02
N005642,P006,1817,0.067
N005650,P153,53,0.017
N005658,P172,935,0.025
N005666,P094,582,0.021
N005674,P003,1764,0.055
N005682,P044,1166,0.039
N005690,P158,2673,0.069
N005698,P227,988,0.04
N005706,P006,1685,0.058
N005714,P073,2625,0.065
N005722,P031,1914,0.053
N005730,P091,714,0.027
N005738,P003,1473,0.056
N005746,P006,1750,0.061
N005754,P004,1455,0.058
N005762,P002,1904,0.085
N005770,P042,1323,0.116
N005778,P005,2251,0.109
N005786,P150,879,0.045
N005794,P228,205,0.018
N005802,P063,1175,0.039
N005810,P157,1946,0.044
N005818,P003,2035,0.095
N005826,P094,1489,0.056
N005834,P001,2384,0.122
N005842,P044,2032,0.057
N005850,P044,772,0.033
N005858,P054,699,0.026
N005866,P005,1488,0.06
N005874,P200,403,0.024
N005882,P006,1142,0.046
N005890,P094,1391,0.037
N005898,P014,1197,0.041
N005906,P203,1954,0.053
N005914,P062,1123,0.04
N005922,P091,2148,0.06
N005930,P177,1254,0.044
N005938,P203,2887,0.074
N005946,P004,1572,0.07
N005954,P122,1092,0.031
N005962,P020,808,0.026
N005970,P094,273,0.018
N005978,P184,2980,0.065
N005986,P002,2289,0.128
N005994,P006,1148,0.054
N006002,P005,1743,0.058
N006010,P135,2932,0.078
N006018,P020,1468,0.059
N006026,P013,69,0.015
N006034,P240,1938,0.034
N006042,P191,1471,0.045
N006050,P003,1516,0.053
N006058,P223,1439,0.047
N006066,P060,2516,0.062
N006074,P003,1978,0.088
N006082,P044,2035,0.06
N006090,P215,2011,0.055
N006098,P005,2097,0.092
N006106,P063,1217,0.05
N006114,P216,2462,0.076
N006122,P094,2508,0.083
N006130,P093,1882,0.061
N006138,P003,1327,0.067
N006146,P005,1909,0.081
N006154,P013,142,0.024
N006162,P007,1069,0.025
N006170,P004,761,0.033
N006178,P002,2241,0.101
N006186,P004,1606,0.077
N006194,P002,2199,0.108
N006202,P235,1667,0.067
N006210,P094,1646,0.057
N006218,P004,1677,0.071
N006226,P203,779,0.031
N006234,P181,949,0.033
N006242,P004,1295,0.052
N006250,P004,1218,0.059
N006258,P181,2480,0.072
N006266,P004,1329,0.051
N006274,P002,2173,0.093
N006282,P240,2305,0.064
N006290,P006,1666,0.073
N006298,P003,958,0.044
N006306,P004,823,0.037
N006314,P246,2079,0.047
N006322,P002,2301,0.101
N006330,P094,2857,0.088
N006338,P166,2690,0.089
N006346,P003,1040,0.049
N006354,P001,1730,0.063
N006362,P094,2011,0.056
N006370,P096,415,0.026
N006378,P004,881,0.037
N006386,P136,556,0.019
N006394,P005,2448,0.128
N006402,P020,734,0.041
N006410,P006,1618,0.058
N006418,P006,1465,0.067
N006426,P005,2065,0.095
N006434,P002,1984,0.071
N006442,P005,2156,0.093
N006450,P002,2239,0.094
N006458,P006,1228,0.057
N006466,P031,1114,0.039
N006474,P081,1009,0.029
N006482,P191,1589,0.046
N006490,P094,933,0.14
N006498,P004,1212,0.033
N006506,P006,1941,0.409
N006514,P003,1733,0.096
N006522,P004,1320,0.056
N006530,P094,1720,0.053
N006538,P005,2253,0.117
N006546,P004,1644,0.08
N006554,P002,2319,0.119
N006562,P005,2065,0.086
N006570,P004,1520,0.073
N006578,P002,2304,0.108
N006586,P003,856,0.047
N006594,P111,1402,0.038
N006602,P049,2643,0.069
N006610,P088,1582,0.064
N006618,P006,1553,0.069
N006626,P089,2237,0.056
N006634,P006,1496,0.07
N006642,P094,2685,0.067
N006650,P091,1808,0.056
N006658,P214,2036,0.063
N006666,P094,493,0.026
N006674,P020,462,0.017
N006682,P001,2254,0.08
N006690,P155,1360,0.052
N006698,P001,2197,0.102
N006706,P252,1270,0.047
N006714,P246,2471,0.062
N006722,P005,2251,0.112
N006730,P006,1415,0.071
N006738,P106,252,0.03
N006746,P005,2175,0.085
N006754,P006,1507,0.06
N006762,P240,2461,0.08
N006770,P003,1907,0.086
N006778,P041,1515,0.056
N006786,P005,2189,0.087
N006794,P006,1605,0.07
N006802,P005,2258,0.11
N006810,P004,1422,0.053
N006818,P004,1562,0.062
N006826,P001,2272,0.116
N006834,P005,2431,0.107
N006842,P227,1406,0.061
N006850,P238,1430,0.041
N006858,P014,2470,0.062
N006866,P094,1563,0.052
N006874,P004,1434,0.048
N006882,P094,452,0.026
N006890,P028,988,0.03
N006898,P005,2163,0.086
N006906,P129,1262,0.048
N006914,P027,3059,0.075
N006922,P044,568,0.04
N006930,P006,1251,0.033
N006938,P063,1228,0.045
N006946,P229,1842,0.06
N006954,P005,2386,0.117
N006962,P001,2489,0.134
N006970,P094,618,0.042
N006978,P094,1280,0.04
N006986,P094,255,0.022
N006994,P069,1175,0.027
N007002,P005,2184,0.085
N007010,P094,616,0.055
N007018,P044,2772,0.091
N007026,P141,475,0.037
N007034,P094,2412,0.055
N007042,P004,996,0.046
N007050,P146,509,0.023
N007058,P001,1961,0.076
N007066,P094,1371,0.039
N007074,P168,885,0.032
N007082,P094,498,0.021
N007090,P019,1336,0.033
N007098,P034,573,0.028
N007106,P240,3458,0.281
N007114,P002,2140,0.115
N007122,P005,2024,0.096
N007130,P215,504,0.038
N007138,P005,2304,0.124
N007146,P136,1920,0.054
N007154,P006,1681,0.074
N007162,P194,2350,0.079
N007170,P223,506,0.029
N007178,P044,1215,0.034
N007186,P213,1469,0.037
N007194,P094,2916,0.079
N007202,P004,1513,0.07
N007210,P202,597,0.027
N007218,P114,86,0.013
N007226,P002,2215,0.085
N007234,P003,1996,0.095
N007242,P181,3094,0.084
N007250,P006,1771,0.08
N007258,P216,1307,0.047
N007266,P005,2125,0.078
N007274,P031,230,0.024
N007282,P001,2189,0.074
N007290,P003,874,0.047
N007298,P240,2725,0.07
N007306,P004,1258,0.064
N007314,P003,1385,0.07
N007322,P221,1959,0.046
N007330,P003,718,0.034
N007338,P246,2142,0.047
N007346,P094,2538,0.073
N007354,P062,819,0.046
N007362,P038,2030,0.06
N007370,P048,381,0.027
N007378,P001,1890,0.075
N007386,P240,348,0.026
N007394,P006,499,0.022
N007402,P094,2180,0.045
N007410,P058,544,0.032
N007418,P020,680,0.029
N007426,P004,1617,0.052
N007434,P098,2254,0.056
N007442,P002,2240,0.111
N007450,P094,280,0.03
N007458,P004,860,0.032
N007466,P215,447,0.023
N007474,P002,2173,0.07
N007482,P058,1070,0.047
N007490,P004,1335,0.058
N007498,P116,2953,0.085
N007506,P218,2116,0.06
N007514,P152,517,0.027
N007522,P136,782,0.025
N007530,P094,262,0.017
N007538,P006,1542,0.041
N007546,P004,951,0.046
N007554,P004,1451,0.046
N007562,P005,2196,0.093
N007570,P005,1145,0.048
N007578,P001,2235,0.069
N007586,P053,2304,0.062
N007594,P001,2262,0.107
N007602,P003,1629,0.076
N007610,P094,2053,0.052
N007618,P004,1945,0.095
N007626,P094,1571,0.042
N007634,P094,579,0.027
N007642,P056,1876,0.047
N007650,P025,143,0.02
N007658,P181,3020,0.123
N007666,P044,2141,0.067
N007674,P005,1370,0.082
N007682,P239,1955,0.07
N007690,P146,2934,0.076
N007698,P200,1927,0.079
N007706,P094,3361,0.102
N007714,P041,1128,0.053
N007722,P138,2223,0.047
N007730,P003,1674,0.076
N007738,P094,756,0.031
N007746,P001,2278,0.114
N007754,P002,2217,0.087
N007762,P182,1042,0.046
N007770,P238,758,0.034
N007778,P043,1493,0.036
N007786,P002,2145,0.094
N007794,P004,1816,0.087
N007802,P083,2056,0.067
N007810,P005,2297,0.106
N007818,P240,1106,0.044
N007826,P006,1419,0.058
N007834,P073,2702,0.073
N007842,P006,1324,0.057
N007850,P003,1946,0.091
N007858,P004,1829,0.073
N007866,P003,1726,0.082
N007874,P005,2384,0.088
N007882,P215,1147,0.04
N007890,P094,648,0.027
N007898,P094,652,0.026
N007906,P216,246,0.016
N007914,P227,475,0.019
N007922,P202,1938,0.04
N007930,P094,1912,0.046
N007938,P214,207,0.022
N007946,P221,1925,0.035
N007954,P031,2210,0.057
N007962,P003,1547,0.077
N007970,P215,831,0.031
N007978,P057,1193,0.029
N007986,P094,2155,0.048
N007994,P094,2158,0.061
N008002,P136,1090,0.044
N008010,P002,1762,0.068
N008018,P002,1727,0.069
N008026,P017,1169,0.045
N008034,P200,947,0.035
N008042,P181,1992,0.05
N008050,P235,780,0.036
N008058,P094,1673,0.051
N008066,P240,1028,0.041
N008074,P250,1729,0.044
N008082,P240,568,0.029
N008090,P013,1972,0.039
N008098,P185,1505,0.047
N008106,P004,1765,0.075
N008114,P003,1639,0.07
N008122,P094,1245,0.036
N008130,P175,2783,0.067
N008138,P026,2047,0.056
N008146,P094,1329,0.05
N008154,P200,443,0.026
N008162,P005,2237,0.081
N008170,P099,2283,0.061
N008178,P002,1221,0.055
N008186,P005,2269,0.119
N008194,P215,407,0.032
N008202,P241,2005,0.042
N008210,P189,1688,0.049
N008218,P200,737,0.033
N008226,P167,2770,0.082
N008234,P003,708,0.05
N008242,P141,1012,0.035
N008250,P020,2044,0.045
N008258,P234,1250,0.05
N008266,P005,2157,0.092
N008274,P001,2203,0.093
N008282,P229,1950,0.053
N008290,P202,903,0.03
N008298,P002,2302,0.102
N008306,P240,1799,0.057
N008314,P001,2184,0.09
N008322,P020,275,0.026
N008330,P004,2065,0.088
N008338,P003,1524,0.065
N008346,P071,900,0.033
N008354,P004,1090,0.037
N008362,P001,2039,0.072
N008370,P005,2222,0.108
N008378,P152,1364,0.054
N008386,P002,2301,0.083
N008394,P044,495,0.034
N008402,P003,1612,0.054
N008410,P070,333,0.024
N008418,P001,2534,0.099
N008426,P137,3185,0.093
N008434,P003,1357,0.058
N008442,P001,1543,0.056
N008450,P006,1116,0.053
N008458,P094,900,0.029
N008466,P214,1115,0.036
N008474,P059,858,0.029
N008482,P096,1698,0.047
N008490,P005,1773,0.074
N008498,P094,664,0.033
N008506,P194,1240,0.039
N008514,P237,804,0.028
N008522,P096,804,0.033
N008530,P002,2185,0.088
N008538,P094,1661,0.053
N008546,P240,3149,0.082
N008554,P215,411,0.034
N008562,P004,1806,0.071
N008570,P143,2037,0.051
N008578,P005,1529,0.066
N008586,P235,255,0.021
N008594,P094,1161,0.031
N008602,P071,863,0.028
N008610,P096,1192,0.169
N008618,P094,2150,0.061
N008626,P094,2534,0.224
N008634,P004,1498,0.116
N008642,P002,2300,0.179
N008650,P001,2191,0.197
N008658,P094,1284,0.066
N008666,P006,1170,0.057
N008674,P005,2535,0.151
N008682,P004,1351,0.075
N008690,P168,1012,0.043
N008698,P136,1283,0.041
N008706,P094,2116,0.049
N008714,P006,1088,0.048
N008722,P096,1344,0.047
N008730,P073,2621,0.073
N008738,P002,2301,0.118
N008746,P002,1986,0.078
N008754,P005,2475,0.136
N008762,P004,1468,0.086
N008770,P013,133,0.019
N008778,P240,1121,0.036
N008786,P096,2192,0.065
N008794,P003,1590,0.063
N008802,P221,389,0.023
N008810,P031,1613,0.063
N008818,P240,1181,0.043
N008826,P042,442,0.026
N008834,P177,722,0.044
N008842,P058,437,0.026
N008850,P071,2290,0.054
N008858,P078,2560,0.096
N008866,P098,2512,0.068
N008874,P087,2730,0.078
N008882,P116,895,0.046
N008890,P004,1530,0.054
N008898,P181,1658,0.052
N008906,P057,1961,0.065
N008914,P120,2453,0.073
N008922,P020,2071,0.059
N008930,P200,2222,0.054
N008938,P004,1651,0.073
N008946,P240,1214,0.037
N008954,P042,1226,0.043
N008962,P002,2303,0.103
N008970,P003,874,0.047
N008978,P020,1150,0.039
N008986,P089,946,0.03
N008994,P227,360,0.023
N009002,P004,1141,0.05
N009010,P003,1343,0.061
N009018,P137,1295,0.052
N009026,P215,520,0.028
N009034,P209,261,0.019
N009042,P004,1452,0.054
N009050,P094,1204,0.034
N009058,P006,1513,0.048
N009066,P001,2208,0.103
N009074,P002,1562,0.071
N009082,P240,517,0.028
N009090,P181,1473,0.055
N009098,P146,1002,0.039
N009106,P002,1650,0.065
N009114,P006,1414,0.051
N009122,P005,2216,0.09
N009130,P056,1647,0.055
N009138,P046,182,0.021
N009146,P020,2264,0.049
N009154,P167,1257,0.051
N009162,P002,1832,0.07
N009170,P105,2764,0.069
N009178,P096,226,0.029
N009186,P181,1888,0.048
N009194,P094,1980,0.067
N009202,P002,1979,0.089
N009210,P180,294,0.026
N009218,P057,1284,0.028
N009226,P002,1113,0.044
N009234,P006,1742,0.061
N009242,P001,2417,0.099
N009250,P240,1849,0.063
N009258,P094,2547,0.075
N009266,P002,2408,0.092
N009274,P061,493,0.038
N009282,P131,434,0.021
N009290,P094,2044,0.039
N009298,P020,1170,0.042
N009306,P001,2442,0.109
N009314,P021,1191,0.046
N009322,P020,1140,0.035
N009330,P225,2209,0.049
N009338,P094,808,0.041
N009346,P006,1751,0.076
N009354,P246,729,0.036
N009362,P094,1197,0.03
N009370,P002,2301,0.094
N009378,P215,2400,0.066
N009386,P003,1061,0.049
N009394,P141,533,0.026
N009402,P094,1219,0.043
N009410,P003,1819,0.083
N009418,P094,383,0.027
N009426,P005,2259,0.097
N009434,P088,240,0.027
N009442,P182,812,0.028
N009450,P146,1707,0.04
N009458,P207,1800,0.063
N009466,P046,176,0.02
N009474,P047,2923,0.071
N009482,P073,1618,0.061
N009490,P225,3074,0.074
N009498,P004,1320,0.068
N009506,P006,1022,0.04
N009514,P004,907,0.037
N009522,P061,715,0.023
N009530,P094,1982,0.045
N009538,P005,2426,0.111
N009546,P002,1751,0.082
N009554,P073,2805,0.068
N009562,P002,2186,0.109
N009570,P106,353,0.03
N009578,P004,1405,0.053
N009586,P094,2219,0.055
N009594,P006,1105,0.055
N009602,P251,692,0.03
N009610,P054,1340,0.041
N009618,P148,2122,0.047
N009626,P140,121,0.024
N009634,P001,2254,0.084
N009642,P006,1003,0.049
N009650,P005,2389,0.114
N009658,P094,562,0.037
N009666,P002,2368,0.09
N009674,P020,2948,0.093
N009682,P240,449,0.034
N009690,P240,2350,0.073
N009698,P005,2242,0.099
N009706,P141,574,0.035
N009714,P018,1979,0.041
N009722,P202,1030,0.033
N009730,P042,2186,0.05
N009738,P003,1651,0.059
N009746,P232,3128,0.088
N009754,P094,2454,0.084
N009762,P006,991,0.057
N009770,P136,1184,0.036
N009778,P228,2180,0.06
N009786,P094,994,0.037
N009794,P199,1498,0.046
N009802,P004,836,0.039
N009810,P045,458,0.022
N009818,P002,2207,0.083
N009826,P004,1557,0.063
N009834,P044,1190,0.033
N009842,P005,2371,0.091
N009850,P235,1815,0.068
N009858,P004,1546,0.064
N009866,P240,1279,0.04
N009874,P020,169,0.017
N009882,P003,1368,0.05
N009890,P191,1515,0.046
N009898,P200,558,0.025
N009906,P232,1345,0.029
N009914,P047,1159,0.041
N009922,P006,1149,0.053
N009930,P151,277,0.022
N009938,P003,1484,0.042
N009946,P232,387,0.024
N009954,P061,924,0.034
N009962,P002,2122,0.077
N009970,P094,380,0.028
N009978,P001,1881,0.068
N009986,P240,2651,0.093
N009994,P003,638,0.042
N010002,P120,1221,0.031
N010010,P033,2145,0.048
N010018,P004,1783,0.074
N010026,P094,1644,0.052
N010034,P098,2091,0.05
N010042,P003,672,0.04
N010050,P085,539,0.022
N010058,P003,1400,0.05
N010066,P140,84,0.017
N010074,P120,380,0.012
N010082,P001,2457,0.067
N010090,P180,294,0.027
N010098,P088,570,0.021
N010106,P002,2074,0.069
N010114,P056,2525,0.067
N010122,P240,1220,0.041
N010130,P004,1885,0.08
N010138,P004,989,0.046
N010146,P179,991,0.032
N010154,P215,2407,0.067
N010162,P147,2582,0.079
N010170,P002,2065,0.086
N010178,P094,1904,0.048
N010186,P003,1189,0.049
N010194,P026,398,0.02
N010202,P002,2320,0.111
N010210,P005,2201,0.096
N010218,P036,2210,0.058
N010226,P004,1074,0.052
N010234,P094,1400,0.033
N010242,P094,1505,0.05
N010250,P181,775,0.034
N010258,P221,65,0.013
N010266,P005,2273,0.111
N010274,P256,2366,0.065
N010282,P004,1488,0.064
N010290,P003,1270,0.043
N010298,P002,2383,0.112
N010306,P006,1367,0.066
N010314,P001,2089,0.076
N010322,P116,2411,0.072
N010330,P005,2144,0.091
N010338,P089,656,0.038
N010346,P003,424,0.024
N010354,P094,505,0.021
N010362,P002,2233,0.094
N010370,P213,2699,0.082
N010378,P059,165,0.028
N010386,P057,1005,0.029
N010394,P006,1928,0.089
N010402,P097,2770,0.077
N010410,P002,2243,0.113
N010418,P240,1905,0.068
N010426,P094,911,0.036
N010434,P120,942,0.027
N010442,P240,2623,0.063
N010450,P044,767,0.041
N010458,P001,2233,0.091
N010466,P020,2160,0.071
N010474,P001,2249,0.089
N010482,P065,1449,0.056
N010490,P006,1859,0.081
N010498,P107,183,0.021
N010506,P058,2000,0.04
N010514,P002,2452,0.118
N010522,P003,1632,0.074
N010530,P002,1720,0.068
N010538,P005,2228,0.081
N010546,P195,758,0.042
N010554,P021,1381,0.048
N010562,P122,195,0.021
N010570,P001,2190,0.073
N010578,P039,1350,0.098
N010586,P258,380,0.024
N010594,P094,426,0.024
N010602,P091,2710,0.071
N010610,P163,683,0.041
N010618,P001,2307,0.103
N010626,P047,1125,0.044
N010634,P005,2266,0.088
N010642,P120,190,0.025
N010650,P002,2180,0.073
N010658,P013,228,0.026
N010666,P006,1718,0.06
N010674,P004,1716,0.066
N010682,P255,725,0.036
N010690,P094,1936,0.044
N010698,P237,2331,0.079
N010706,P094,2597,0.082
N010714,P004,1426,0.076
N010722,P227,336,0.024
N010730,P006,1667,0.089
N010738,P181,1033,0.039
N010746,P005,2052,0.08
N010754,P004,1526,0.072
N010762,P200,1954,0.06
N010770,P094,1918,0.064
N010778,P001,2243,0.106
N010786,P005,1940,0.066
N010794,P100,2331,0.071
N010802,P001,1364,0.059
N010810,P180,154,0.02
N010818,P003,729,0.032
N010826,P006,1149,0.049
N010834,P046,97,0.017
N010842,P002,2304,0.108
N010850,P003,1229,0.062
N010858,P003,1399,0.063
N010866,P004,1663,0.07
N010874,P094,1585,0.05
N010882,P259,1789,0.248
N010890,P003,1290,0.094
N010898,P044,2085,0.07
N010906,P003,1647,0.108
N010914,P240,827,0.048
N010922,P191,963,0.035
N010930,P202,2467,0.074
N010938,P094,1000,0.043
N010946,P214,1917,0.052
N010954,P094,2939,0.083
N010962,P216,912,0.039
N010970,P094,790,0.033
N010978,P227,699,0.027
N010986,P001,2108,0.086
N010994,P166,386,0.03
N011002,P181,1309,0.047
N011010,P094,1923,0.066
N011018,P186,1118,0.035
N011026,P225,2790,0.072
N011034,P038,448,0.036
N011042,P105,1404,0.04
N011050,P094,616,0.028
N011058,P147,2184,0.048
N011066,P006,1070,0.05
N011074,P003,1068,0.042
N011082,P094,1406,0.044
N011090,P003,1189,0.05
N011098,P190,968,0.042
N011106,P239,3045,0.087
N011114,P241,783,0.046
N011122,P003,1623,0.058
N011130,P006,1268,0.06
N011138,P240,1875,0.041
N011146,P001,2103,0.08
N011154,P005,2415,0.135
N011162,P013,184,0.029
N011170,P006,787,0.031
N011178,P002,2244,0.094
N011186,P068,580,0.037
N011194,P004,1223,0.033
N011202,P156,1103,0.041
N011210,P006,984,0.039
N011218,P006,1412,0.057
N011226,P004,1337,0.063
N011234,P004,680,0.042
N011242,P020,969,0.032
N011250,P227,1088,0.033
N011258,P002,1931,0.074
N011266,P020,299,0.024
N011274,P020,1466,0.049
N011282,P094,469,0.026
N011290,P094,3245,0.093
N011298,P208,1196,0.05
N011306,P005,1976,0.058
N011314,P005,2198,0.095
N011322,P249,1301,0.042
N011330,P200,690,0.032
N011338,P002,2174,0.079
N011346,P094,1765,0.057
N011354,P028,1552,0.054
N011362,P020,2472,0.061
N011370,P013,62,0.024
N011378,P195,1217,0.033
N011386,P075,776,0.034
N011394,P094,1480,0.053
N011402,P003,1778,0.079
N011410,P001,1466,0.062
N011418,P114,98,0.018
N011426,P001,2392,0.084
N011434,P006,1556,0.077
N011442,P006,1741,0.077
N011450,P228,2032,0.059
N011458,P002,2240,0.103
N011466,P044,1617,0.067
N011474,P094,1411,0.042
N011482,P001,2095,0.072
N011490,P049,1533,0.061
N011498,P020,1094,0.039
N011506,P003,1630,0.057
N011514,P094,1205,0.042
N011522,P091,1465,0.041
N011530,P002,2065,0.087
N011538,P001,2261,0.117
N011546,P028,1310,0.047
N011554,P031,2063,0.049
N011562,P026,1987,0.064
N011570,P020,1061,0.041
N011578,P020,729,0.035
N011586,P004,998,0.036
N011594,P004,733,0.033
N011602,P096,953,0.034
N011610,P013,45,0.014
N011618,P011,162,0.012
N011626,P002,1614,0.055
N011634,P219,2521,0.063
N011642,P004,1572,0.076
N011650,P001,2398,0.123
N011658,P004,1637,0.085
N011666,P003,1643,0.07
N011674,P172,2133,0.055
N011682,P004,1461,0.064
N011690,P130,2592,0.066
N011698,P136,2760,0.073
N011706,P002,2253,0.111
N011714,P168,2004,0.061
N011722,P006,1369,0.055
N011730,P207,1155,0.042
N011738,P065,1922,0.045
N011746,P001,2284,0.1
N011754,P094,1109,0.046
N011762,P099,2082,0.061
N011770,P004,389,0.033
N011778,P098,2100,0.049
N011786,P020,497,0.03
N011794,P002,1746,0.062
N011802,P005,2234,0.108
N011810,P001,1401,0.068
N011818,P006,1243,0.065
N011826,P020,2133,0.052
N011834,P094,2732,0.074
N011842,P003,1590,0.063
N011850,P240,162,0.026
N011858,P049,230,0.015
N011866,P202,2286,0.05
N011874,P003,1016,0.047
N011882,P099,2539,0.069
N011890,P235,2175,0.06
N011898,P094,668,0.041
N011906,P179,1664,0.051
N011914,P001,2302,0.099
N011922,P094,1975,0.053
N011930,P006,1769,0.082
N011938,P174,2083,0.06
N011946,P111,1235,0.039
N011954,P006,765,0.037
N011962,P001,2136,0.08
N011970,P002,2293,0.098
N011978,P106,2238,0.071
N011986,P189,2344,0.07
N011994,P160,1158,0.044
N000003,P002,2237,0.088
N000011,P240,1573,0.058
N000019,P228,1219,0.041
N000027,P094,2321,0.058
N000035,P180,1283,0.046
N000043,P189,1555,0.05
N000051,P215,2000,0.05
N000059,P094,855,0.032
N000067,P002,2202,0.085
N000075,P064,1102,0.037
N000083,P094,671,0.034
N000091,P005,2376,0.109
N000099,P240,2178,0.058
N000107,P005,1036,0.052
N000115,P002,1595,0.059
N000123,P235,1956,0.063
N000131,P005,2263,0.1
N000139,P113,1138,0.039
N000147,P044,724,0.037
N000155,P094,1372,0.033
N000163,P049,1321,0.037
N000171,P001,2214,0.092
N000179,P088,519,0.034
N000187,P238,1945,0.039
N000195,P136,1599,0.048
N000203,P094,994,0.038
N000211,P094,1748,0.046
N000219,P215,1536,0.046
N000227,P044,946,0.033
N000235,P002,2359,0.123
N000243,P182,1952,0.055
N000251,P006,1619,0.071
N000259,P055,2398,0.066
N000267,P094,2674,0.079
N000275,P200,527,0.032
N000283,P097,2289,0.048
N000291,P006,1392,0.065
N000299,P094,425,0.027
N000307,P002,2329,0.08
N000315,P005,2251,0.119
N000323,P170,1197,0.05
N000331,P094,844,0.027
N000339,P165,1470,0.037
N000347,P044,2826,0.075
N000355,P003,1096,0.052
N000363,P003,934,0.037
N000371,P013,99,0.015
N000379,P013,127,0.012
N000387,P005,2203,0.087
N000395,P003,560,0.036
N000403,P228,1506,0.052
N000411,P036,739,0.037
N000419,P215,581,0.026
N000427,P240,2041,0.05
N000435,P001,2668,0.118
N000443,P002,2083,0.098
N000451,P028,652,0.037
N000459,P044,2580,0.067
N000467,P005,2269,0.104
N000475,P146,305,0.031
N000483,P215,974,0.03
N000491,P004,1472,0.05
N000499,P004,500,0.03
N000507,P094,1660,0.041
N000515,P002,2205,0.088
N000523,P005,2222,0.112
N000531,P094,1649,0.055
N000539,P059,605,0.028
N000547,P002,1574,0.052
N000555,P003,1631,0.079
N000563,P006,1287,0.056
N000571,P041,871,0.033
N000579,P004,1708,0.069
N000587,P006,1797,0.087
N000595,P165,1115,0.045
N000603,P094,522,0.028
N000611,P091,1138,0.033
N000619,P258,1205,0.042
N000627,P094,631,0.029
N000635,P003,1327,0.053
N000643,P001,2271,0.11
N000651,P003,1374,0.071
N000659,P005,2068,0.112
N000667,P006,1629,0.075
N000675,P006,1644,0.056
N000683,P043,1707,0.059
N000691,P006,1080,0.045
N000699,P006,1772,0.075
N000707,P089,1310,0.054
N000715,P141,1457,0.047
N000723,P003,673,0.037
N000731,P002,1617,0.064
N000739,P004,1483,0.061
N000747,P003,1141,0.045
N000755,P112,898,0.028
N000763,P167,2137,0.051
N000771,P021,1312,0.043
N000779,P020,1210,0.036
N000787,P030,2453,0.069
N000795,P138,2208,0.057
N000803,P103,2691,0.069
N000811,P124,1272,0.045
N000819,P004,1222,0.037
N000827,P077,2195,0.055
N000835,P044,2193,0.05
N000843,P001,1417,0.061
N000851,P005,2098,0.075
N000859,P041,997,0.043
N000867,P006,1916,0.063
N000875,P094,1197,0.041
N000883,P004,1011,0.046
N000891,P005,2237,0.09
N000899,P006,1163,0.104
N000907,P146,1276,0.055
N000915,P003,1376,0.069
N000923,P004,1878,0.087
N000931,P146,362,0.026
N000939,P044,347,0.02
N000947,P005,2410,0.114
N000955,P162,1967,0.057
N000963,P207,887,0.037
N000971,P001,1941,0.055
N000979,P209,74,0.022
N000987,P094,557,0.021
N000995,P151,386,0.016
N001003,P183,1672,0.047
N001011,P255,1193,0.047
N001019,P200,1991,0.047
N001027,P061,1959,0.047
N001035,P006,777,0.043
N001043,P144,1446,0.05
N001051,P195,1292,0.037
N001059,P094,2544,0.069
N001067,P241,2095,0.058
N001075,P006,1704,0.071
N001083,P181,1180,0.051
N001091,P094,1089,0.035
N001099,P004,1061,0.041
N001107,P006,900,0.038
N001115,P001,2280,0.105
N001123,P094,2123,0.058
N001131,P207,968,0.045
N001139,P229,2278,0.056
N001147,P035,2056,0.051
N001155,P088,2002,0.063
N001163,P207,1905,0.046
N001171,P006,1763,0.082
N001179,P005,1740,0.07
N001187,P053,2218,0.369
N001195,P094,1333,0.065
N001203,P094,536,0.03
N001211,P181,1660,0.055
N001219,P136,732,0.036
N001227,P227,678,0.043
N001235,P183,2521,0.095
N001243,P002,2098,0.127
N001251,P181,472,0.037
N001259,P246,674,0.035
N001267,P094,616,0.03
N001275,P005,2226,0.104
N001283,P181,1858,0.075
N001291,P191,1483,0.05
N001299,P006,841,0.043
N001307,P167,649,0.031
N001315,P183,1542,0.053
N001323,P013,120,0.02
N001331,P073,1009,0.034
N001339,P004,1043,0.047
N001347,P088,2269,0.055
N001355,P238,1001,0.052
N001363,P002,2110,0.095
N001371,P005,2253,0.109
N001379,P255,1081,0.049
N001387,P191,758,0.029
N001395,P001,2092,0.065
N001403,P002,2106,0.086
N001411,P223,985,0.045
N001419,P006,1349,0.048
N001427,P094,949,0.035
N001435,P088,1223,0.042
N001443,P003,1678,0.076
N001451,P064,1959,0.053
N001459,P001,2290,0.112
N001467,P181,2429,0.071
N001475,P004,1703,0.229
N001483,P225,1915,0.055
N001491,P003,1143,0.063
N001499,P006,1554,0.069
N001507,P014,2406,0.064
N001515,P207,2848,0.081
N001523,P006,1389,0.073
N001531,P181,1316,0.054
N001539,P044,608,0.028
N001547,P120,1915,0.04
N001555,P003,1458,0.065
N001563,P002,2351,0.123
N001571,P240,2018,0.065
N001579,P242,717,0.037
N001587,P041,1717,0.052
N001595,P003,1059,0.051
N001603,P006,750,0.041
N001611,P023,1557,0.049
N001619,P094,215,0.023
N001627,P240,2985,0.079
N001635,P038,2327,0.065
N001643,P242,634,0.036
N001651,P001,1579,0.058
N001659,P232,2961,0.098
N001667,P044,1279,0.054
N001675,P003,1511,0.057
N001683,P004,1688,0.068
N001691,P006,1618,0.075
N001699,P003,1617,0.064
N001707,P099,2688,0.072
N001715,P053,2286,0.064
N001723,P003,1507,0.072
N001731,P094,1172,0.045
N001739,P094,957,0.039
N001747,P004,1722,0.07
N001755,P005,2406,0.108
N001763,P232,579,0.039
N001771,P128,2554,0.072
N001779,P231,1843,0.066
N001787,P094,1356,0.051
N001795,P094,1018,0.039
N001803,P181,628,0.038
N001811,P001,2123,0.082
N001819,P005,2166,0.094
N001827,P003,1394,0.051
N001835,P002,2158,0.083
N001843,P240,871,0.038
N001851,P003,1164,0.053
N001859,P047,2195,0.054
N001867,P094,730,0.038
N001875,P006,1733,0.063
N001883,P003,1301,0.071
N001891,P094,1376,0.04
N001899,P136,1067,0.045
N001907,P172,570,0.03
N001915,P232,2649,0.069
N001923,P003,972,0.052
N001931,P005,2257,0.121
N001939,P053,446,0.035
N001947,P185,3071,0.079
N001955,P006,800,0.056
N001963,P239,1168,0.033
N001971,P004,1680,0.065
N001979,P094,839,0.033
N001987,P094,1040,0.03
N001995,P005,1520,0.066
N002003,P004,1355,0.059
N002011,P003,1162,0.047
N002019,P006,1905,0.083
N002027,P214,455,0.028
N002035,P141,981,0.036
N002043,P054,614,0.036
N002051,P094,2594,0.065
N002059,P001,2182,0.093
N002067,P048,2005,0.052
N002075,P241,660,0.032
N002083,P013,107,0.013
N002091,P001,2358,0.091
N002099,P004,1470,0.065
N002107,P235,765,0.036
N002115,P094,2438,0.082
N002123,P094,2663,0.071
N002131,P001,2215,0.108
N002139,P163,616,0.04
N002147,P005,2310,0.106
N002155,P002,2348,0.096
N002163,P004,1255,0.065
N002171,P117,153,0.018
N002179,P181,1934,0.037
N002187,P001,1439,0.062
N002195,P002,2260,0.102
N002203,P163,471,0.033
N002211,P180,470,0.018
N002219,P002,2121,0.102
N002227,P094,1971,0.06
N002235,P002,1571,0.073
N002243,P001,2310,0.126
N002251,P006,571,0.043
N002259,P028,743,0.025
N002267,P176,2013,0.046
N002275,P189,2126,0.052
N002283,P001,2252,0.1
N002291,P005,2430,0.128
N002299,P001,2166,0.098
N002307,P006,249,0.027
N002315,P001,2442,0.116
N002323,P020,1999,0.054
N002331,P002,2107,0.083
N002339,P181,1324,0.043
N002347,P006,1539,0.068
N002355,P094,507,0.027
N002363,P001,1556,0.053
N002371,P001,2148,0.077
N002379,P255,880,0.037
N002387,P094,2185,0.049
N002395,P214,2592,0.068
N002403,P240,467,0.032
N002411,P016,118,0.011
N002419,P178,1716,0.035
N002427,P001,2141,0.086
N002435,P094,1145,0.044
N002443,P117,95,0.013
N002451,P003,1660,0.06
N002459,P215,2069,0.057
N002467,P020,673,0.033
N002475,P003,1194,0.051
N002483,P006,1395,0.046
N002491,P004,1695,0.068
N002499,P144,1498,0.054
N002507,P094,2591,0.089
N002515,P094,490,0.034
N002523,P063,2730,0.063
N002531,P006,1702,0.074
N002539,P004,893,0.045
N002547,P129,2309,0.052
N002555,P005,2099,0.08
N002563,P210,2172,0.059
N002571,P003,822,0.047
N002579,P084,184,0.017
N002587,P001,2205,0.089
N002595,P184,346,0.031
N002603,P006,1074,0.037
N002611,P221,141,0.016
N002619,P005,2474,0.094
N002627,P181,1484,0.055
N002635,P094,2615,0.06
N002643,P240,2327,0.069
N002651,P215,2652,0.072
N002659,P185,699,0.04
N002667,P003,704,0.034
N002675,P064,2655,0.064
N002683,P002,2155,0.083
N002691,P002,1378,0.056
N002699,P006,1474,0.055
N002707,P006,1970,0.093
N002715,P227,1804,0.055
N002723,P235,2927,0.075
N002731,P044,2473,0.077
N002739,P094,3072,0.096
N002747,P020,294,0.033
N002755,P181,1180,0.029
N002763,P205,1764,0.041
N002771,P005,2130,0.076
N002779,P004,1085,0.05
N002787,P006,833,0.033
N002795,P239,2640,0.068
N002803,P240,2440,0.069
N002811,P162,1972,0.053
N002819,P004,1101,0.055
N002827,P240,1915,0.055
N002835,P105,825,0.035
N002843,P191,1753,0.048
N002851,P217,174,0.021
N002859,P250,685,0.025
N002867,P065,1374,0.037
N002875,P002,2084,0.074
N002883,P037,214,0.025
N002891,P181,337,0.017
N002899,P094,1091,0.031
N002907,P094,2100,0.046
N002915,P084,184,0.025
N002923,P002,2408,0.118
N002931,P107,127,0.025
N002939,P002,1233,0.049
N002947,P002,2185,0.074
N002955,P001,1918,0.099
N002963,P232,626,0.037
N002971,P004,1164,0.047
N002979,P004,1383,0.044
N002987,P002,2396,0.19
N002995,P252,2555,0.087
N003003,P006,1076,0.059
N003011,P020,2242,0.053
N003019,P005,2297,0.121
N003027,P006,1526,0.068
N003035,P003,1562,0.075
N003043,P006,881,0.044
N003051,P001,2476,0.126
N003059,P094,1911,0.054
N003067,P005,2310,0.124
N003075,P044,1520,0.053
N003083,P181,443,0.027
N003091,P001,2134,0.072
N003099,P065,3354,0.109
N003107,P006,1179,0.066
N003115,P136,1242,0.046
N003123,P181,298,0.02
N003131,P052,915,0.026
N003139,P005,2197,0.095
N003147,P002,2472,0.138
N003155,P006,1810,0.083
N003163,P069,3105,0.085
N003171,P215,774,0.046
N003179,P013,105,0.014
N003187,P211,1498,0.044
N003195,P180,1520,0.048
N003203,P001,2019,0.24
N003211,P003,770,0.098
N003219,P215,2082,0.088
N003227,P094,2019,0.108
N003235,P094,2169,0.108
N003243,P104,1729,0.109
N003251,P094,1580,0.08
N003259,P002,2316,0.182
N003267,P160,315,0.055
N003275,P257,1956,0.064
N003283,P073,2291,0.183
N003291,P216,685,0.11
N003299,P020,715,0.057
N003307,P002,2448,0.308
N003315,P094,3337,0.142
N003323,P073,505,0.047
N003331,P094,1166,0.034
N003339,P020,2113,0.058
N003347,P069,1330,0.074
N003355,P003,1313,0.064
N003363,P001,2186,0.095
N003371,P126,59,0.023
N003379,P013,170,0.012
N003387,P038,614,0.027
N003395,P004,1587,0.064
N003403,P002,2199,0.107
N003411,P040,1542,0.064
N003419,P036,1458,0.044
N003427,P125,962,0.034
N003435,P249,2667,0.069
N003443,P094,986,0.042
N003451,P240,1069,0.032
N003459,P006,1464,0.065
N003467,P071,1430,0.045
N003475,P005,2259,0.116
N003483,P020,1142,0.048
N003491,P094,1913,0.059
N003499,P004,1313,0.048
N003507,P002,2513,0.128
N003515,P001,2483,0.118
N003523,P001,2076,0.075
N003531,P003,1029,0.052
N003539,P020,2819,0.083
N003547,P002,1743,0.08
N003555,P002,2240,0.09
N003563,P003,1528,0.067
N003571,P240,2277,0.055
N003579,P094,1154,0.05
N003587,P141,1189,0.036
N003595,P005,2195,0.095
N003603,P003,1541,0.057
N003611,P235,2514,0.072
N003619,P094,1611,0.053
N003627,P002,2239,0.11
N003635,P005,2235,0.103
N003643,P003,1488,0.054
N003651,P136,1986,0.047
N003659,P002,2280,0.114
N003667,P094,151,0.029
N003675,P005,1559,0.053
N003683,P240,544,0.029
N003691,P003,679,0.031
N003699,P003,1455,0.044
N003707,P235,3344,0.107
N003715,P005,1914,0.089
N003723,P240,1593,0.054
N003731,P005,1903,0.078
N003739,P004,1711,0.073
N003747,P003,1495,0.067
N003755,P002,1798,0.083
N003763,P004,996,0.043
N003771,P003,1637,0.061
N003779,P094,599,0.032
N003787,P094,577,0.025
N003795,P002,2073,0.088
N003803,P183,1174,0.052
N003811,P002,2274,0.079
N003819,P006,901,0.048
N003827,P004,1284,0.056
N003835,P115,1924,0.057
N003843,P094,1651,0.059
N003851,P006,818,0.041
N003859,P002,1976,0.079
N003867,P094,466,0.033
N003875,P240,3216,0.086
N003883,P006,949,0.049
N003891,P005,1997,0.088
N003899,P094,1509,0.047
N003907,P002,2224,0.111
N003915,P094,2502,0.08
N003923,P006,1071,0.049
N003931,P001,1961,0.075
N003939,P116,2156,0.063
N003947,P240,1829,0.063
N003955,P002,2102,0.102
N003963,P005,2005,0.078
N003971,P183,2318,0.061
N003979,P094,1124,0.037
N003987,P008,2017,0.047
N003995,P002,2455,0.098
N004003,P232,1331,0.055
N004011,P001,2236,0.103
N004019,P005,1534,0.061
N004027,P240,1006,0.04
N004035,P096,1739,0.045
N004043,P006,495,0.032
N004051,P094,1107,0.03
N004059,P217,2309,0.055
N004067,P094,808,0.037
N004075,P004,1451,0.052
N004083,P240,2353,0.057
N004091,P094,702,0.039
N004099,P194,2718,0.06
N004107,P006,936,0.046
N004115,P227,2035,0.044
N004123,P081,947,0.034
N004131,P238,2153,0.042
N004139,P095,1248,0.037
N004147,P004,951,0.046
N004155,P084,178,0.015
N004163,P005,2140,0.086
N004171,P099,2365,0.076
N004179,P246,1203,0.051
N004187,P240,1171,0.028
N004195,P006,1370,0.042
N004203,P094,466,0.027
N004211,P039,1207,0.031
N004219,P002,2301,0.109
N004227,P200,1866,0.054
N004235,P147,2919,0.073
N004243,P090,157,0.028
N004251,P094,2999,0.068
N004259,P094,1991,0.057
N004267,P001,2386,0.117
N004275,P147,1722,0.062
N004283,P006,1630,0.074
N004291,P005,1691,0.072
N004299,P003,1429,0.056
N004307,P094,871,0.03
N004315,P004,1714,0.064
N004323,P061,1996,0.049
N004331,P020,1927,0.049
N004339,P252,1368,0.036
N004347,P207,1209,0.037
N004355,P002,2189,0.088
N004363,P020,1104,0.047
N004371,P203,2144,0.049
N004379,P005,2113,0.078
N004387,P240,3109,0.098
N004395,P215,2175,0.069
N004403,P006,1685,0.077
N004411,P039,1621,0.059
N004419,P005,2260,0.108
N004427,P001,2201,0.113
N004435,P002,2433,0.102
N004443,P005,2157,0.086
N004451,P002,2345,0.132
N004459,P011,249,0.029
N004467,P094,1791,0.051
N004475,P232,134,0.02
N004483,P091,1023,0.029
N004491,P094,2345,0.053
N004499,P006,987,0.048
N004507,P145,73,0.013
N004515,P238,1117,0.025
N004523,P168,2199,0.054
N004531,P020,2202,0.055
N004539,P166,901,0.043
N004547,P240,453,0.022
N004555,P001,2113,0.061
N004563,P004,1239,0.064
N004571,P004,1517,0.053
N004579,P005,1773,0.07
N004587,P005,2175,0.089
N004595,P006,1314,0.061
N004603,P004,668,0.034
N004611,P003,1705,0.066
N004619,P027,1140,0.033
N004627,P001,2320,0.117
N004635,P001,2403,0.119
N004643,P006,1423,0.075
N004651,P041,2071,0.069
N004659,P044,2089,0.051
N004667,P006,1025,0.05
N004675,P057,584,0.023
N004683,P004,954,0.03
N004691,P235,659,0.027
N004699,P050,1862,0.04
N004707,P058,1491,0.05
N004715,P094,2699,0.076
N004723,P189,1009,0.044
N004731,P006,567,0.031
N004739,P136,378,0.023
N004747,P006,1576,0.051
N004755,P001,2098,0.071
N004763,P004,1156,0.057
N004771,P240,2275,0.049
N004779,P002,2424,0.111
N004787,P146,1721,0.07
N004795,P001,2356,0.099
N004803,P100,405,0.031
N004811,P004,838,0.039
N004819,P001,2224,0.096
N004827,P200,1918,0.052
N004835,P003,1431,0.049
N004843,P094,1984,0.053
N004851,P003,1548,0.059
N004859,P020,2803,0.081
N004867,P240,1562,0.059
N004875,P003,840,0.041
N004883,P227,1658,0.053
N004891,P238,695,0.026
N004899,P094,2810,0.074
N004907,P042,1457,0.065
N004915,P094,1079,0.037
N004923,P097,1714,0.047
N004931,P142,118,0.019
N004939,P005,2151,0.069
N004947,P235,853,0.035
N004955,P006,1701,0.061
N004963,P005,2240,0.095
N004971,P006,1207,0.064
N004979,P224,2393,0.057
N004987,P094,1536,0.059
N004995,P002,1773,0.074
N005003,P112,2718,0.075
N005011,P002,2188,0.121
N005019,P003,1673,0.082
N005027,P088,711,0.031
N005035,P215,321,0.022
N005043,P001,2301,0.087
N005051,P145,168,0.025
N005059,P041,2534,0.067
N005067,P106,3047,0.093
N005075,P002,1538,0.071
N005083,P003,1062,0.045
N005091,P001,2268,0.1
N005099,P004,1543,0.134
N005107,P041,1352,0.053
N005115,P006,1673,0.087
N005123,P003,883,0.041
N005131,P003,1408,0.047
N005139,P006,536,0.032
N005147,P079,1657,0.037
N005155,P014,1717,0.06
N005163,P003,991,0.045
N005171,P002,2356,0.103
N005179,P228,885,0.043
N005187,P005,2047,0.061
N005195,P006,1245,0.064
N005203,P020,1136,0.036
N005211,P240,1199,0.032
N005219,P011,132,0.016
N005227,P181,410,0.017
N005235,P246,1271,0.027
N005243,P004,1116,0.043
N005251,P163,2224,0.051
N005259,P094,2118,0.062
N005267,P003,1667,0.075
N005275,P094,1346,0.04
N005283,P001,2661,0.146
N005291,P005,2120,0.085
N005299,P180,403,0.028
N005307,P189,983,0.031
N005315,P141,400,0.018
N005323,P089,370,0.019
N005331,P184,455,0.017
N005339,P003,1767,0.07
N005347,P016,113,0.018
N005355,P003,927,0.031
N005363,P003,1238,0.048
N005371,P003,1633,0.067
N005379,P230,1514,0.047
N005387,P005,1577,0.064
N005395,P020,875,0.03
N005403,P003,1081,0.068
N005411,P004,1626,0.069
N005419,P175,1824,0.19
N005427,P094,331,0.042
N005435,P227,531,0.027
N005443,P208,503,0.025
N005451,P013,135,0.014
N005459,P192,936,0.071
N005467,P133,1926,0.057
N005475,P004,1693,0.073
N005483,P252,282,0.022
N005491,P006,1798,0.058
N005499,P097,1008,0.036
N005507,P004,1293,0.054
N005515,P002,2423,0.133
N005523,P020,2036,0.056
N005531,P192,1099,0.04
N005539,P136,399,0.019
N005547,P121,1654,0.049
N005555,P002,2001,0.063
N005563,P166,1565,0.053
N005571,P064,1975,0.049
N005579,P094,1108,0.041
N005587,P002,1896,0.075
N005595,P106,1927,0.046
N005603,P136,505,0.032
N005611,P003,1773,0.069
N005619,P215,2540,0.074
N005627,P141,1975,0.072
N005635,P006,1397,0.057
N005643,P005,2114,0.074
N005651,P063,1699,0.046
N005659,P003,944,0.043
N005667,P167,301,0.017
N005675,P044,1643,0.043
N005683,P075,1173,0.032
N005691,P181,2257,0.055
N005699,P012,2380,0.063
N005707,P122,1061,0.035
N005715,P001,2125,0.084
N005723,P094,2637,0.088
N005731,P094,978,0.044
N005739,P006,1274,0.06
N005747,P004,1093,0.045
N005755,P020,2910,0.092
N005763,P021,801,0.043
N005771,P003,946,0.039
N005779,P240,791,0.027
N005787,P020,873,0.029
N005795,P005,1619,0.057
N005803,P088,1180,0.038
N005811,P094,2049,0.055
N005819,P094,1245,0.052
N005827,P094,1341,0.037
N005835,P002,2196,0.099
N005843,P121,421,0.029
N005851,P004,1022,0.049
N005859,P005,2202,0.088
N005867,P227,219,0.025
N005875,P001,2287,0.105
N005883,P181,1161,0.045
N005891,P001,2162,0.083
N005899,P003,1109,0.057
N005907,P004,1316,0.055
N005915,P232,2017,0.071
N005923,P001,2501,0.118
N005931,P094,1140,0.043
N005939,P005,2531,0.117
N005947,P020,2222,0.064
N005955,P183,1110,0.037
N005963,P005,2171,0.088
N005971,P006,740,0.042
N005979,P002,2051,0.093
N005987,P222,1534,0.051
N005995,P005,1576,0.062
N006003,P006,1003,0.041
N006011,P002,2269,0.086
N006019,P189,1366,0.046
N006027,P094,2031,0.049
N006035,P020,2236,0.052
N006043,P215,354,0.03
N006051,P006,1709,0.052
N006059,P099,1437,0.049
N006067,P136,1555,0.063
N006075,P003,1460,0.063
N006083,P214,2041,0.058
N006091,P094,1291,0.056
N006099,P001,2248,0.105
N006107,P012,1119,0.048
N006115,P002,2451,0.135
N006123,P133,307,0.033
N006131,P141,1883,0.05
N006139,P094,2046,0.056
N006147,P006,1636,0.066
N006155,P005,2193,0.099
N006163,P002,1661,0.063
N006171,P044,1195,0.04
N006179,P001,2251,0.11
N006187,P003,1602,0.08
N006195,P004,811,0.036
N006203,P094,2611,0.066
N006211,P002,1793,0.073
N006219,P006,1710,0.072
N006227,P221,162,0.02
N006235,P089,874,0.027
N006243,P006,1807,0.075
N006251,P228,2131,0.052
N006259,P190,2414,0.072
N006267,P094,809,0.034
N006275,P143,2229,0.066
N006283,P042,2278,0.058
N006291,P004,1432,0.071
N006299,P006,776,0.038
N006307,P041,873,0.029
N006315,P077,2080,0.048
N006323,P146,2585,0.086
N006331,P044,690,0.041
N006339,P094,2693,0.072
N006347,P122,1566,0.055
N006355,P002,2227,0.108
N006363,P240,2590,0.07
N006371,P020,415,0.034
N006379,P094,1401,0.045
N006387,P094,1379,0.058
N006395,P001,1971,0.064
N006403,P004,1420,0.049
N006411,P137,2392,0.086
N006419,P001,2218,0.108
N006427,P124,2150,0.055
N006435,P094,2274,0.073
N006443,P020,734,0.038
N006451,P112,839,0.025
N006459,P094,1008,0.029
N006467,P117,166,0.017
N006475,P041,1008,0.026
N006483,P004,1619,0.062
N006491,P005,2245,0.1
N006499,P004,1689,0.064
N006507,P071,796,0.035
N006515,P006,1727,0.071
N006523,P003,1106,0.047
N006531,P013,174,0.016
N006539,P003,1148,0.047
N006547,P066,163,0.017
N006555,P246,1223,0.039
N006563,P004,1198,0.049
N006571,P094,2854,0.079
N006579,P004,2025,0.101
N006587,P227,1180,0.048
N006595,P094,1344,0.034
N006603,P003,1807,0.066
N006611,P020,1505,0.052
N006619,P004,1555,0.066
N006627,P040,847,0.031
N006635,P006,1121,0.045
N006643,P005,2239,0.092
N006651,P006,1656,0.072
N006659,P255,2080,0.065
N006667,P006,910,0.043
N006675,P013,196,0.018
N006683,P210,825,0.027
N006691,P002,2096,0.099
N006699,P031,2857,0.092
N006707,P141,620,0.038
N006715,P044,2395,0.053
N006723,P189,1439,0.052
N006731,P167,2519,0.062
N006739,P003,1307,0.069
N006747,P240,271,0.02
N006755,P005,2403,0.108
N006763,P002,2313,0.139
N006771,P091,974,0.038
N006779,P094,1579,0.054
N006787,P240,349,0.025
N006795,P004,1610,0.059
N006803,P181,1621,0.053
N006811,P001,2140,0.091
N006819,P046,169,0.025
N006827,P006,1930,0.071
N006835,P013,194,0.02
N006843,P037,125,0.011
N006851,P006,632,0.023
N006859,P059,2475,0.059
N006867,P004,1301,0.053
N006875,P116,697,0.025
N006883,P044,2082,0.044
N006891,P228,1450,0.052
N006899,P006,1837,0.078
N006907,P001,2224,0.103
N006915,P196,2421,0.061
N006923,P094,538,0.037
N006931,P020,2593,0.054
N006939,P190,2067,0.057
N006947,P005,2280,0.106
N006955,P006,1838,0.089
N006963,P254,35,0.017
N006971,P129,749,0.025
N006979,P006,1533,0.065
N006987,P089,996,0.035
N006995,P094,838,0.026
N007003,P002,2194,0.083
N007011,P217,1170,0.043
N007019,P241,2839,0.067
N007027,P004,529,0.04
N007035,P112,1951,0.056
N007043,P006,1397,0.052
N007051,P254,163,0.019
N007059,P199,2152,0.056
N007067,P228,1321,0.045
N007075,P044,885,0.032
N007083,P003,1292,0.052
N007091,P005,2113,0.072
N007099,P002,2105,0.106
N007107,P059,2616,0.071
N007115,P073,1193,0.051
N007123,P071,549,0.024
N007131,P184,239,0.014
N007139,P003,1523,0.045
N007147,P094,307,0.025
N007155,P181,1406,0.032
N007163,P006,1753,0.078
N007171,P006,1012,0.04
N007179,P004,757,0.037
N007187,P180,2214,0.048
N007195,P005,2292,0.102
N007203,P094,1954,0.064
N007211,P240,1475,0.045
N007219,P021,1767,0.057
N007227,P180,1996,0.047
N007235,P094,1645,0.059
N007243,P091,2818,0.07
N007251,P020,2111,0.057
N007259,P032,2212,0.057
N007267,P005,2155,0.076
N007275,P215,225,0.027
N007283,P094,2464,0.05
N007291,P001,2291,0.113
N007299,P094,2674,0.071
N007307,P020,2114,0.057
N007315,P006,566,0.034
N007323,P143,1381,0.038
N007331,P005,2114,0.069
N007339,P094,2646,0.083
N007347,P006,1796,0.088
N007355,P255,570,0.028
N007363,P097,1228,0.051
N007371,P216,400,0.025
N007379,P041,620,0.021
N007387,P244,146,0.014
N007395,P003,486,0.02
N007403,P005,2241,0.097
N007411,P259,541,0.033
N007419,P001,1803,0.065
N007427,P053,1202,0.036
N007435,P094,2254,0.055
N007443,P005,2237,0.11
N007451,P005,1844,0.074
N007459,P006,860,0.041
N007467,P065,1672,0.044
N007475,P002,2585,0.128
N007483,P189,1306,0.058
N007491,P005,2196,0.085
N007499,P189,2912,0.089
N007507,P188,1461,0.054
N007515,P094,1173,0.038
N007523,P005,2003,0.086
N007531,P042,2521,0.077
N007539,P240,796,0.037
N007547,P006,1420,0.061
N007555,P002,2232,0.093
N007563,P005,2308,0.108
N007571,P001,1589,0.069
N007579,P094,2158,0.052
N007587,P189,1139,0.048
N007595,P020,1611,0.045
N007603,P181,1071,0.036
N007611,P006,950,0.04
N007619,P006,1270,0.055
N007627,P200,1317,0.036
N007635,P178,2032,0.052
N007643,P069,2567,0.065
N007651,P148,3023,0.097
N007659,P184,2738,0.078
N007667,P003,1796,0.077
N007675,P004,834,0.045
N007683,P094,2040,0.061
N007691,P094,1776,0.056
N007699,P002,2241,0.092
N007707,P257,1601,0.054
N007715,P057,1775,0.144
N007723,P020,2379,0.143
N007731,P094,747,0.052
N007739,P004,1483,0.067
N007747,P016,136,0.061
N007755,P001,1672,0.107
N007763,P003,1170,0.075
N007771,P094,2019,0.061
N007779,P073,1528,0.048
N007787,P246,1269,0.048
N007795,P094,810,0.034
N007803,P141,2293,0.073
N007811,P227,2600,0.07
N007819,P002,2013,0.1
N007827,P060,2347,0.068
N007835,P253,422,0.028
N007843,P094,3017,0.071
N007851,P004,1427,0.082
N007859,P094,2740,0.069
N007867,P147,1525,0.066
N007875,P025,63,0.018
N007883,P001,2031,0.084
N007891,P002,2010,0.074
N007899,P124,520,0.03
N007907,P255,213,0.014
N007915,P106,2098,0.042
N007923,P122,2507,0.063
N007931,P042,671,0.036
N007939,P044,2085,0.046
N007947,P081,964,0.037
N007955,P184,2005,0.045
N007963,P235,747,0.028
N007971,P088,866,0.029
N007979,P005,1884,0.062
N007987,P004,1461,0.064
N007995,P003,1435,0.059
N008003,P094,1465,0.05
N008011,P056,1075,0.04
N008019,P094,1933,0.051
N008027,P182,1111,0.043
N008035,P001,2110,0.084
N008043,P003,1910,0.091
N008051,P020,540,0.03
N008059,P129,1673,0.053
N008067,P002,2253,0.107
N008075,P151,134,0.026
N008083,P182,482,0.019
N008091,P152,760,0.033
N008099,P216,1018,0.032
N008107,P094,2401,0.057
N008115,P240,1458,0.058
N008123,P094,1547,0.043
N008131,P241,2616,0.065
N008139,P028,2059,0.059
N008147,P099,267,0.022
N008155,P006,1783,0.064
N008163,P097,1044,0.049
N008171,P184,2170,0.048
N008179,P003,790,0.042
N008187,P006,1914,0.095
N008195,P167,485,0.03
N008203,P221,109,0.011
N008211,P094,1758,0.042
N008219,P006,1177,0.057
N008227,P006,1781,0.062
N008235,P073,1943,0.06
N008243,P094,1006,0.041
N008251,P001,2354,0.127
N008259,P041,729,0.041
N008267,P129,1247,0.042
N008275,P133,2801,0.068
N008283,P059,1475,0.06
N008291,P026,882,0.029
N008299,P173,2641,0.061
N008307,P053,1704,0.053
N008315,P002,2267,0.095
N008323,P003,874,0.049
N008331,P005,1257,0.046
N008339,P004,1524,0.062
N008347,P001,2231,0.111
N008355,P094,1441,0.058
N008363,P094,1223,0.042
N008371,P002,2094,0.083
N008379,P088,1098,0.039
N008387,P240,1427,0.041
N008395,P001,786,0.036
N008403,P001,2443,0.089
N008411,P016,151,0.026
N008419,P002,2530,0.1
N008427,P250,2488,0.073
N008435,P001,1152,0.053
N008443,P003,1158,0.041
N008451,P091,1130,0.034
N008459,P003,1254,0.053
N008467,P094,1114,0.03
N008475,P215,1366,0.047
N008483,P005,2242,0.113
N008491,P122,832,0.044
N008499,P052,2345,0.055
N008507,P163,1378,0.061
N008515,P002,2269,0.083
N008523,P101,1873,0.052
N008531,P235,845,0.032
N008539,P001,2150,0.075
N008547,P094,3160,0.092
N008555,P006,1078,0.06
N008563,P088,3013,0.075
N008571,P003,1680,0.083
N008579,P013,175,0.022
N008587,P094,216,0.014
N008595,P006,1372,0.051
N008603,P002,2236,0.097
N008611,P003,1802,0.076
N008619,P232,597,0.029
N008627,P250,751,0.024
N008635,P094,759,0.022
N008643,P003,1708,0.07
N008651,P145,121,0.018
N008659,P001,2288,0.086
N008667,P001,2192,0.089
N008675,P214,1741,0.062
N008683,P163,1889,0.051
N008691,P004,1147,0.047
N008699,P003,1419,0.061
N008707,P006,1092,0.042
N008715,P064,391,0.022
N008723,P232,1369,0.04
N008731,P003,1142,0.047
N008739,P094,1291,0.045
N008747,P006,600,0.036
N008755,P084,80,0.013
N008763,P094,1085,0.03
N008771,P115,353,0.02
N008779,P094,1211,0.042
N008787,P003,1510,0.058
N008795,P094,412,0.025
N008803,P001,1421,0.044
N008811,P026,1795,0.05
N008819,P001,2251,0.1
N008827,P094,442,0.034
N008835,P223,634,0.035
N008843,P240,2607,0.071
N008851,P001,2449,0.11
N008859,P044,458,0.032
N008867,P005,2437,0.112
N008875,P226,2745,0.08
N008883,P094,148,0.027
N008891,P001,2010,0.088
N008899,P136,1818,0.062
N008907,P129,1304,0.052
N008915,P044,2006,0.059
N008923,P094,2068,0.053
N008931,P147,2089,0.052
N008939,P250,2259,0.061
N008947,P094,1224,0.043
N008955,P020,1423,0.037
N008963,P226,1743,0.05
N008971,P001,2220,0.1
N008979,P240,1175,0.048
N008987,P120,2479,0.061
N008995,P193,369,0.031
N009003,P001,2258,0.103
N009011,P073,722,0.038
N009019,P044,2365,0.057
N009027,P094,443,0.028
N009035,P020,2162,0.043
N009043,P240,1882,0.042
N009051,P178,736,0.033
N009059,P094,1219,0.039
N009067,P013,154,0.018
N009075,P004,1983,0.076
N009083,P041,434,0.027
N009091,P224,1986,0.063
N009099,P083,999,0.039
N009107,P001,1572,0.054
N009115,P108,1105,0.03
N009123,P216,1990,0.049
N009131,P097,1616,0.056
N009139,P001,2247,0.113
N009147,P094,2264,0.062
N009155,P255,1970,0.05
N009163,P227,465,0.029
N009171,P020,2764,0.062
N009179,P001,2156,0.089
N009187,P005,1972,0.102
N009195,P002,2048,0.088
N009203,P044,874,0.039
N009211,P240,1446,0.036
N009219,P001,2243,0.101
N009227,P003,845,0.047
N009235,P037,86,0.013
N009243,P202,163,0.01
N009251,P259,1834,0.048
N009259,P081,2217,0.057
N009267,P006,1451,0.049
N009275,P247,493,0.03
N009283,P094,625,0.026
N009291,P235,372,0.016
N009299,P002,2213,0.078
N009307,P235,2583,0.07
N009315,P189,1183,0.043
N009323,P005,2367,0.104
N009331,P094,2767,0.081
N009339,P013,433,0.033
N009347,P001,2231,0.084
N009355,P207,745,0.041
N009363,P152,1199,0.032
N009371,P005,2245,0.093
N009379,P106,2400,0.064
N009387,P081,329,0.033
N009395,P002,2066,0.059
N009403,P001,2333,0.101
N009411,P094,3034,0.104
N009419,P003,868,0.047
N009427,P064,2228,0.049
N009435,P094,2504,0.067
N009443,P063,1674,0.052
N009451,P003,1664,0.066
N009459,P094,1515,0.057
N009467,P005,2247,0.107
N009475,P146,1863,0.047
N009483,P063,1586,0.052
N009491,P088,2914,0.083
N009499,P094,1812,0.06
N009507,P073,2235,0.055
N009515,P136,1973,0.057
N009523,P004,1658,0.064
N009531,P004,815,0.045
N009539,P094,2362,0.055
N009547,P002,2266,0.095
N009555,P002,2146,0.084
N009563,P004,816,0.043
N009571,P005,2132,0.069
N009579,P116,1114,0.05
N009587,P006,1084,0.039
N009595,P136,2115,0.048
N009603,P057,691,0.04
N009611,P094,1239,0.043
N009619,P005,2569,0.145
N009627,P240,256,0.029
N009635,P189,3005,0.069
N009643,P094,2243,0.065
N009651,P120,437,0.029
N009659,P001,2330,0.101
N009667,P069,1773,0.058
N009675,P002,2231,0.092
N009683,P002,2194,0.087
N009691,P005,2193,0.11
N009699,P112,1931,0.052
N009707,P001,2524,0.121
N009715,P005,1859,0.077
N009723,P006,1045,0.048
N009731,P136,2750,0.062
N009739,P006,1670,0.079
N009747,P146,2554,0.061
N009755,P002,2157,0.083
N009763,P005,2141,0.083
N009771,P184,922,0.037
N009779,P183,2001,0.051
N009787,P003,1658,0.079
N009795,P006,1450,0.06
N009803,P166,693,0.03
N009811,P241,1025,0.031
N009819,P005,2206,0.086
N009827,P003,1565,0.063
N009835,P004,1428,0.054
N009843,P217,2275,0.055
N009851,P006,1237,0.062
N009859,P002,1877,0.085
N009867,P042,555,0.034
N009875,P190,1912,0.037
N009883,P246,904,0.038
N009891,P211,1758,0.05
N009899,P004,1534,0.073
N009907,P097,1214,0.036
N009915,P239,1745,0.049
N009923,P240,1479,0.092
N009931,P001,1890,0.116
N009939,P240,2028,0.055
N009947,P002,2371,0.142
N009955,P015,33,0.024
N009963,P003,1114,0.037
N009971,P170,366,0.022
N009979,P003,1136,0.04
N009987,P006,1979,0.093
N009995,P081,1480,0.282
N010003,P004,1698,0.187
N010011,P215,820,0.049
N010019,P002,2390,0.156
N010027,P002,2337,0.162
N010035,P022,202,0.033
N010043,P033,1916,0.055
N010051,P002,2227,0.102
N010059,P013,113,0.027
N010067,P006,1089,0.047
N010075,P227,616,0.034
N010083,P002,2201,0.097
N010091,P175,2140,0.064
N010099,P005,2192,0.08
N010107,P121,1954,0.056
N010115,P202,1875,0.048
N010123,P088,1216,0.044
N010131,P136,2117,0.072
N010139,P014,2890,0.093
N010147,P003,799,0.049
N010155,P094,2407,0.07
N010163,P146,2449,0.069
N010171,P014,2083,0.058
N010179,P005,1771,0.235
N010187,P094,2449,0.087
N010195,P006,1280,0.078
N010203,P129,721,0.032
N010211,P002,2367,0.116
N010219,P002,2116,0.081
N010227,P094,2496,0.091
N010235,P005,2277,0.131
N010243,P005,1812,0.073
N010251,P035,2147,0.057
N010259,P005,1515,0.075
N010267,P006,1581,0.068
N010275,P006,665,0.043
N010283,P097,980,0.033
N010291,P005,2290,0.105
N010299,P020,2554,0.081
N010307,P005,2086,0.09
N010315,P140,226,0.03
N010323,P006,1309,0.042
N010331,P005,1961,0.073
N010339,P002,2419,0.134
N010347,P113,630,0.038
N010355,P147,2173,0.057
N010363,P240,2239,0.059
N010371,P219,2687,0.086
N010379,P117,181,0.029
N010387,P001,1414,0.055
N010395,P094,3201,0.092
N010403,P255,959,0.049
N010411,P006,1182,0.047
N010419,P193,1905,0.061
N010427,P088,787,0.034
N010435,P094,2215,0.047
N010443,P027,603,0.033
N010451,P006,897,0.033
N010459,P006,1561,0.053
N010467,P101,2277,0.071
N010475,P006,1198,0.061
N010483,P003,1603,0.068
N010491,P002,2515,0.101
N010499,P006,1465,0.06
N010507,P002,2274,0.108
N010515,P088,2217,0.062
N010523,P094,1236,0.049
N010531,P004,897,0.042
N010539,P002,2252,0.109
N010547,P003,1407,0.064
N010555,P006,1962,0.089
N010563,P005,2171,0.09
N010571,P001,2275,0.107
N010579,P005,2348,0.108
N010587,P240,462,0.034
N010595,P002,1478,0.058
N010603,P006,1791,0.077
N010611,P064,821,0.037
N010619,P001,2405,0.121
N010627,P254,35,0.024
N010635,P002,2126,0.073
N010643,P002,1571,0.069
N010651,P001,2174,0.094
N010659,P136,2607,0.077
N010667,P081,1021,0.05
N010675,P020,2281,0.073
N010683,P112,712,0.043
N010691,P020,1949,0.04
N010699,P004,795,0.041
N010707,P061,2092,0.048
N010715,P004,1646,0.07
N010723,P004,1619,0.069
N010731,P194,2575,0.069
N010739,P094,763,0.036
N010747,P146,1357,0.043
N010755,P240,2325,0.055
N010763,P095,1522,0.068
N010771,P155,2030,0.057
N010779,P096,2067,0.057
N010787,P002,2195,0.083
N010795,P214,1568,0.062
N010803,P069,207,0.023
N010811,P246,927,0.029
N010819,P002,2254,0.089
N010827,P137,2070,0.061
N010835,P088,2301,0.068
N010843,P097,1417,0.051
N010851,P219,1336,0.039
N010859,P094,442,0.027
N010867,P077,1133,0.037
N010875,P091,1554,0.049
N010883,P001,2228,0.099
N010891,P005,1943,0.087
N010899,P227,2087,0.063
N010907,P020,1743,0.049
N010915,P005,1971,0.085
N010923,P170,814,0.04
N010931,P120,2466,0.068
N010939,P020,2106,0.057
N010947,P046,85,0.021
N010955,P001,2295,0.096
N010963,P095,1545,0.056
N010971,P006,1533,0.057
N010979,P001,2367,0.113
N010987,P094,2315,0.067
N010995,P001,2432,0.105
N011003,P094,1241,0.058
N011011,P005,2427,0.115
N011019,P004,516,0.039
N011027,P046,103,0.014
N011035,P001,2190,0.081
N011043,P005,2196,0.108
N011051,P189,615,0.036
N011059,P094,1412,0.045
N011067,P240,862,0.031
N011075,P044,1419,0.04
N011083,P002,2137,0.078
N011091,P005,2362,0.107
N011099,P028,918,0.044
N011107,P094,3045,0.086
N011115,P146,2117,0.059
N011123,P238,2434,0.075
N011131,P254,42,0.022
N011139,P005,2469,0.104
N011147,P094,1639,0.065
N011155,P006,859,0.044
N011163,P162,1960,0.058
N011171,P094,2322,0.056
N011179,P065,1000,0.037
N011187,P094,531,0.022
N011195,P005,2068,0.063
N011203,P215,686,0.041
N011211,P189,489,0.025
N011219,P094,684,0.026
N011227,P005,1847,0.074
N011235,P142,126,0.02
N011243,P046,81,0.011
N011251,P094,2169,0.042
N011259,P238,485,0.034
N011267,P094,299,0.018
N011275,P094,1504,0.049
N011283,P059,2250,0.054
N011291,P229,3212,0.103
N011299,P041,1047,0.048
N011307,P006,1566,0.052
N011315,P094,737,0.031
N011323,P020,2223,0.048
N011331,P004,1452,0.065
N011339,P240,937,0.037
N011347,P094,672,0.026
N011355,P002,2228,0.095
N011363,P257,2662,0.08
N011371,P076,2002,0.075
N011379,P002,1983,0.085
N011387,P240,748,0.038
N011395,P094,1990,0.042
N011403,P004,1735,0.081
N011411,P003,1341,0.049
N011419,P002,2255,0.111
N011427,P225,1766,0.059
N011435,P005,2318,0.091
N011443,P202,146,0.026
N011451,P209,225,0.013
N011459,P058,1215,0.033
N011467,P214,1620,0.056
N011475,P094,2649,0.073
N011483,P056,2614,0.092
N011491,P038,1252,0.053
N011499,P001,2229,0.104
N011507,P208,3052,0.095
N011515,P195,1142,0.052
N011523,P003,1525,0.061
N011531,P098,682,0.031
N011539,P213,1837,0.042
N011547,P221,41,0.018
N011555,P044,2036,0.042
N011563,P045,1995,0.061
N011571,P255,1266,0.047
N011579,P167,1070,0.034
N011587,P005,2137,0.082
N011595,P003,830,0.045
N011603,P116,858,0.032
N011611,P037,38,0.014
N011619,P044,1582,0.036
N011627,P035,2361,0.076
N011635,P236,864,0.045
N011643,P094,1216,0.045
N011651,P005,2370,0.108
N011659,P242,2063,0.055
N011667,P005,2233,0.09
N011675,P004,1917,0.092
N011683,P006,1127,0.058
N011691,P002,2231,0.103
N011699,P001,2083,0.078
N011707,P184,1589,0.048
N011715,P094,1599,0.046
N011723,P197,1155,0.044
N011731,P004,604,0.033
N011739,P001,1439,0.052
N011747,P200,1120,0.04
N011755,P213,1967,0.043
N011763,P001,2181,0.091
N011771,P002,2192,0.092
N011779,P183,1037,0.039
N011787,P116,1444,0.037
N011795,P005,1736,0.066
N011803,P001,2230,0.105
N011811,P003,1251,0.065
N011819,P004,1452,0.054
N011827,P180,1881,0.044
N011835,P083,2873,0.083
N011843,P001,2346,0.095
N011851,P001,1940,0.087
N011859,P002,1882,0.1
N011867,P180,2286,0.179
N011875,P014,1075,0.048
N011883,P124,2546,0.079
N011891,P001,2229,0.143
N011899,P003,1628,0.093
N011907,P094,1843,0.057
N011915,P001,2292,0.088
N011923,P221,115,0.026
N011931,P227,539,0.018
N011939,P077,2080,0.051
N011947,P106,1187,0.037
N011955,P005,2259,0.106
N011963,P194,2388,0.094
N011971,P190,812,0.039
N011979,P091,1406,0.035
N011987,P004,1005,0.042
N011995,P001,1325,0.051
N000004,P227,2114,0.052
N000012,P094,1465,0.058
N000020,P111,1717,0.055
N000028,P087,1348,0.043
N000036,P002,1903,0.137
N000044,P002,2127,0.244
N000052,P038,1994,0.11
N000060,P004,840,0.058
N000068,P001,2299,0.111
N000076,P137,1241,0.043
N000084,P094,1215,0.042
N000092,P240,1291,0.045
N000100,P006,938,0.044
N000108,P010,626,0.031
N000116,P006,1401,0.053
N000124,P002,2472,0.109
N000132,P028,2045,0.054
N000140,P003,1557,0.066
N000148,P196,1069,0.045
N000156,P014,1333,0.035
N000164,P003,1570,0.068
N000172,P013,1931,0.045
N000180,P166,379,0.023
N000188,P003,1197,0.029
N000196,P094,678,0.033
N000204,P240,1227,0.046
N000212,P004,607,0.033
N000220,P196,1539,0.042
N000228,P006,1326,0.059
N000236,P003,1118,0.045
N000244,P027,1952,0.043
N000252,P097,2402,0.069
N000260,P001,1998,0.072
N000268,P002,2197,0.108
N000276,P046,59,0.024
N000284,P002,2211,0.085
N000292,P006,1372,0.075
N000300,P006,1705,0.067
N000308,P107,113,0.02
N000316,P094,578,0.017
N000324,P242,1162,0.036
N000332,P258,883,0.029
N000340,P005,2092,0.084
N000348,P094,1570,0.062
N000356,P240,779,0.041
N000364,P001,2228,0.095
N000372,P001,2122,0.081
N000380,P241,985,0.041
N000388,P103,1945,0.043
N000396,P002,2294,0.126
N000404,P232,2328,0.061
N000412,P005,2113,0.078
N000420,P063,2097,0.054
N000428,P006,1504,0.072
N000436,P005,2172,0.094
N000444,P094,924,0.047
N000452,P001,2510,0.143
N000460,P136,1146,0.05
N000468,P044,2006,0.056
N000476,P184,234,0.022
N000484,P136,728,0.023
N000492,P006,912,0.039
N000500,P001,1581,0.053
N000508,P002,2270,0.103
N000516,P020,1757,0.062
N000524,P005,1462,0.058
N000532,P026,1815,0.052
N000540,P227,497,0.031
N000548,P094,2411,0.055
N000556,P049,1861,0.067
N000564,P001,2291,0.106
N000572,P004,886,0.049
N000580,P234,1191,0.038
N000588,P006,1365,0.048
N000596,P094,1088,0.038
N000604,P004,1478,0.05
N000612,P004,1338,0.05
N000620,P002,2207,0.091
N000628,P081,2603,0.084
N000636,P094,1946,0.07
N000644,P002,2265,0.113
N000652,P094,1151,0.046
N000660,P002,2318,0.09
N000668,P207,800,0.034
N000676,P044,2101,0.046
N000684,P122,1710,0.064
N000692,P005,2254,0.098
N000700,P228,1880,0.067
N000708,P002,1745,0.068
N000716,P006,904,0.04
N000724,P002,1491,0.056
N000732,P094,2229,0.055
N000740,P127,819,0.042
N000748,P257,251,0.018
N000756,P018,1808,0.045
N000764,P005,1725,0.071
N000772,P094,1693,0.054
N000780,P255,1245,0.041
N000788,P094,1493,0.054
N000796,P001,2152,0.08
N000804,P003,1111,0.055
N000812,P136,1211,0.033
N000820,P232,680,0.035
N000828,P088,2195,0.053
N000836,P048,1690,0.055
N000844,P221,187,0.022
N000852,P002,2098,0.068
N000860,P238,1104,0.046
N000868,P020,279,0.019
N000876,P221,107,0.011
N000884,P003,1344,0.039
N000892,P013,135,0.019
N000900,P061,1733,0.039
N000908,P060,1804,0.059
N000916,P005,2516,0.12
N000924,P094,1029,0.049
N000932,P004,979,0.04
N000940,P006,900,0.037
N000948,P200,436,0.022
N000956,P075,1376,0.043
N000964,P006,1470,0.058
N000972,P136,828,0.033
N000980,P199,1476,0.039
N000988,P146,661,0.035
N000996,P005,1940,0.096
N001004,P002,2141,0.102
N001012,P006,1335,0.067
N001020,P112,1161,0.039
N001028,P189,2036,0.047
N001036,P199,700,0.032
N001044,P001,2198,0.097
N001052,P094,2787,0.075
N001060,P200,2544,0.081
N001068,P094,2989,0.087
N001076,P146,2087,0.059
N001084,P002,2249,0.112
N001092,P020,964,0.043
N001100,P005,2056,0.066
N001108,P094,1545,0.047
N001116,P088,953,0.04
N001124,P217,2272,0.052
N001132,P002,2323,0.111
N001140,P003,818,0.044
N001148,P020,2057,0.046
N001156,P005,2480,0.127
N001164,P003,1433,0.054
N001172,P137,891,0.032
N001180,P006,1947,0.08
N001188,P175,924,0.039
N001196,P002,1737,0.059
N001204,P003,626,0.036
N001212,P006,1549,0.06
N001220,P094,723,0.033
N001228,P004,1547,0.057
N001236,P005,2270,0.116
N001244,P001,2428,0.137
N001252,P001,2195,0.079
N001260,P001,2279,0.105
N001268,P004,762,0.041
N001276,P094,837,0.034
N001284,P002,2468,0.117
N001292,P001,2368,0.12
N001300,P106,2288,0.061
N001308,P257,1863,0.058
N001316,P004,789,0.042
N001324,P094,1120,0.027
N001332,P006,1220,0.053
N001340,P044,1388,0.044
N001348,P220,662,0.033
N001356,P021,1310,0.04
N001364,P240,1077,0.037
N001372,P174,2252,0.053
N001380,P094,860,0.042
N001388,P013,107,0.014
N001396,P001,2371,0.094
N001404,P020,1212,0.049
N001412,P073,124,0.017
N001420,P003,1653,0.062
N001428,P003,1073,0.044
N001436,P004,990,0.047
N001444,P020,580,0.022
N001452,P006,441,0.022
N001460,P020,1594,0.045
N001468,P020,987,0.032
N001476,P004,1242,0.05
N001484,P003,1045,0.046
N001492,P006,1548,0.057
N001500,P094,2516,0.071
N001508,P006,796,0.042
N001516,P094,2700,0.065
N001524,P094,1120,0.042
N001532,P041,1190,0.039
N001540,P001,2332,0.122
N001548,P004,1328,0.054
N001556,P227,2131,0.051
N001564,P005,2174,0.095
N001572,P096,1889,0.057
N001580,P006,1471,0.055
N001588,P143,1538,0.054
N001596,P106,724,0.038
N001604,P240,1838,0.044
N001612,P134,1557,0.051
N001620,P181,215,0.022
N001628,P094,1674,0.041
N001636,P020,2073,0.049
N001644,P002,2441,0.122
N001652,P004,1705,0.077
N001660,P232,1154,0.036
N001668,P002,2067,0.069
N001676,P227,398,0.03
N001684,P020,2554,0.063
N001692,P215,1999,0.053
N001700,P030,294,0.023
N001708,P001,2216,0.086
N001716,P003,1242,0.045
N001724,P122,643,0.031
N001732,P203,1679,0.056
N001740,P047,965,0.04
N001748,P094,1183,0.041
N001756,P203,871,0.026
N001764,P181,558,0.024
N001772,P057,1039,0.029
N001780,P094,1538,0.047
N001788,P221,221,0.021
N001796,P221,205,0.013
N001804,P002,2176,0.084
N001812,P194,1557,0.054
N001820,P238,2276,0.053
N001828,P228,2216,0.058
N001836,P006,1448,0.05
N001844,P013,148,0.024
N001852,P004,1418,0.059
N001860,P094,729,0.033
N001868,P114,133,0.016
N001876,P238,2445,0.049
N001884,P003,1769,0.077
N001892,P167,1006,0.039
N001900,P199,1641,0.057
N001908,P004,1624,0.064
N001916,P012,2642,0.075
N001924,P175,1177,0.048
N001932,P094,1487,0.049
N001940,P004,1102,0.046
N001948,P233,1904,0.039
N001956,P028,1018,0.039
N001964,P094,843,0.031
N001972,P006,1425,0.05
N001980,P005,2034,0.066
N001988,P041,1448,0.043
N001996,P167,947,0.039
N002004,P238,1692,0.054
N002012,P179,1902,0.063
N002020,P020,2535,0.079
N002028,P006,1707,0.074
N002036,P001,1602,0.068
N002044,P006,792,0.039
N002052,P003,1596,0.057
N002060,P221,75,0.018
N002068,P094,2201,0.044
N002076,P044,660,0.034
N002084,P127,1927,0.041
N002092,P215,727,0.035
N002100,P001,2144,0.21
N002108,P001,1439,0.076
N002116,P181,2521,0.106
N002124,P004,1432,0.063
N002132,P003,1732,0.081
N002140,P216,624,0.039
N002148,P136,1136,0.034
N002156,P004,1484,0.055
N002164,P001,2427,0.111
N002172,P004,1803,0.083
N002180,P014,2073,0.068
N002188,P094,1978,0.053
N002196,P094,385,0.026
N002204,P072,614,0.025
N002212,P005,2229,0.09
N002220,P228,1400,0.056
N002228,P073,986,0.034
N002236,P069,1348,0.043
N002244,P004,1327,0.055
N002252,P061,2226,0.061
N002260,P003,1085,0.053
N002268,P131,357,0.025
N002276,P066,223,0.016
N002284,P084,1971,0.041
N002292,P017,901,0.039
N002300,P002,1849,0.068
N002308,P210,675,0.036
N002316,P002,2441,0.133
N002324,P094,2415,0.094
N002332,P104,2931,0.118
N002340,P189,653,0.106
N002348,P006,1816,0.099
N002356,P004,1274,0.069
N002364,P172,422,0.027
N002372,P094,1391,0.054
N002380,P002,2265,0.129
N002388,P003,1548,0.072
N002396,P002,2162,0.075
N002404,P004,1482,0.071
N002412,P005,1654,0.069
N002420,P006,1416,0.05
N002428,P045,1225,0.043
N002436,P006,1809,0.074
N002444,P002,2519,0.129
N002452,P003,1134,0.06
N002460,P094,1297,0.035
N002468,P094,678,0.035
N002476,P006,1162,0.055
N002484,P005,2378,0.114
N002492,P094,518,0.045
N002500,P215,853,0.035
N002508,P183,2486,0.091
N002516,P214,511,0.038
N002524,P005,2134,0.075
N002532,P002,2269,0.277
N002540,P006,1441,0.075
N002548,P006,1408,0.077
N002556,P137,2207,0.062
N002564,P042,2360,0.084
N002572,P232,697,0.062
N002580,P117,66,0.018
N002588,P227,1976,0.048
N002596,P006,1540,0.068
N002604,P020,1859,0.054
N002612,P006,1864,0.08
N002620,P020,2032,0.065
N002628,P227,1450,0.054
N002636,P028,1702,0.055
N002644,P004,1763,0.077
N002652,P006,901,0.044
N002660,P002,2465,0.126
N002668,P044,2232,0.071
N002676,P216,2666,0.093
N002684,P001,2378,0.142
N002692,P020,544,0.039
N002700,P003,1462,0.081
N002708,P094,1591,0.063
N002716,P006,1311,0.049
N002724,P144,1629,0.058
N002732,P005,2405,0.098
N002740,P004,1784,0.089
N002748,P003,808,0.063
N002756,P002,2112,0.102
N002764,P094,1768,0.058
N002772,P006,1597,0.068
N002780,P001,2231,0.102
N002788,P131,223,0.049
N002796,P028,2640,0.087
N002804,P003,1662,0.085
N002812,P232,1589,0.061
N002820,P189,211,0.024
N002828,P105,281,0.017
N002836,P210,2647,0.061
N002844,P005,2253,0.112
N002852,P094,1991,0.068
N002860,P181,1523,0.057
N002868,P136,1877,0.053
N002876,P240,1230,0.039
N002884,P020,3399,0.107
N002892,P244,137,0.03
N002900,P020,1091,0.034
N002908,P003,1588,0.063
N002916,P140,185,0.025
N002924,P136,2055,0.047
N002932,P006,1032,0.049
N002940,P003,685,0.034
N002948,P065,984,0.036
N002956,P136,536,0.026
N002964,P094,627,0.028
N002972,P227,1430,0.046
N002980,P028,1591,0.048
N002988,P170,1340,0.048
N002996,P023,1247,0.052
N003004,P044,172,0.021
N003012,P094,2241,0.047
N003020,P003,1049,0.053
N003028,P197,2670,0.076
N003036,P005,1932,0.109
N003044,P200,1830,0.056
N003052,P103,1010,0.039
N003060,P240,1901,0.049
N003068,P064,439,0.029
N003076,P003,689,0.03
N003084,P001,2206,0.091
N003092,P237,975,0.039
N003100,P004,1674,0.066
N003108,P002,2449,0.121
N003116,P094,2074,0.071
N003124,P055,2626,0.067
N003132,P004,1223,0.05
N003140,P094,1439,0.041
N003148,P005,2174,0.08
N003156,P184,224,0.025
N003164,P094,3061,0.074
N003172,P068,3038,0.089
N003180,P129,2409,0.075
N003188,P207,629,0.04
N003196,P094,2681,0.071
N003204,P005,1986,0.075
N003212,P094,1677,0.052
N003220,P094,1822,0.059
N003228,P094,650,0.035
N003236,P005,2146,0.079
N003244,P002,2271,0.117
N003252,P057,1610,0.066
N003260,P229,1068,0.038
N003268,P001,818,0.041
N003276,P136,2972,0.079
N003284,P004,1386,0.068
N003292,P242,676,0.039
N003300,P002,2066,0.066
N003308,P006,605,0.043
N003316,P036,542,0.023
N003324,P094,405,0.026
N003332,P004,1474,0.052
N003340,P086,849,0.032
N003348,P002,1956,0.092
N003356,P004,1011,0.051
N003364,P232,1675,0.048
N003372,P148,2612,0.063
N003380,P181,614,0.041
N003388,P154,614,0.023
N003396,P173,568,0.024
N003404,P001,2072,0.08
N003412,P183,1555,0.064
N003420,P152,1423,0.046
N003428,P002,2387,0.101
N003436,P094,1944,0.076
N003444,P003,1441,0.059
N003452,P044,1947,0.051
N003460,P181,1232,0.045
N003468,P014,1511,0.046
N003476,P108,539,0.029
N003484,P192,246,0.015
N003492,P088,1842,0.051
N003500,P207,2202,0.06
N003508,P096,796,0.042
N003516,P235,2420,0.053
N003524,P003,592,0.039
N003532,P053,568,0.022
N003540,P001,1994,0.062
N003548,P005,2115,0.072
N003556,P154,2511,0.085
N003564,P160,1399,0.048
N003572,P020,2246,0.054
N003580,P005,2189,0.083
N003588,P149,1497,0.062
N003596,P084,185,0.021
N003604,P094,917,0.023
N003612,P094,897,0.025
N003620,P002,2197,0.088
N003628,P044,864,0.043
N003636,P004,1487,0.047
N003644,P005,774,0.036
N003652,P002,2314,0.104
N003660,P001,2275,0.123
N003668,P146,110,0.028
N003676,P002,1620,0.058
N003684,P006,755,0.036
N003692,P005,2364,0.097
N003700,P088,1902,0.054
N003708,P094,2424,0.075
N003716,P002,2308,0.134
N003724,P094,2658,0.086
N003732,P013,272,0.03
N003740,P124,354,0.016
N003748,P005,2202,0.079
N003756,P003,1100,0.056
N003764,P002,2230,0.086
N003772,P044,3156,0.095
N003780,P006,1439,0.071
N003788,P071,768,0.034
N003796,P005,2073,0.09
N003804,P005,2396,0.139
N003812,P020,2296,0.064
N003820,P005,2196,0.097
N003828,P238,779,0.04
N003836,P006,1588,0.07
N003844,P239,1653,0.059
N003852,P094,2529,0.073
N003860,P004,1681,0.086
N003868,P172,2755,0.081
N003876,P020,3017,0.087
N003884,P002,1976,0.074
N003892,P002,1371,0.061
N003900,P003,914,0.047
N003908,P020,1107,0.04
N003916,P215,2510,0.07
N003924,P005,1985,0.079
N003932,P194,468,0.026
N003940,P215,1540,0.039
N003948,P006,1578,0.075
N003956,P136,1777,0.06
N003964,P094,132,0.021
N003972,P196,2309,0.048
N003980,P001,1594,0.072
N003988,P001,1986,0.07
N003996,P094,2381,0.065
N004004,P162,1329,0.056
N004012,P004,860,0.042
N004020,P001,1534,0.056
N004028,P022,105,0.02
N004036,P094,601,0.02
N004044,P169,2643,0.06
N004052,P004,962,0.052
N004060,P181,2309,0.055
N004068,P140,154,0.026
N004076,P094,1185,0.025
N004084,P006,1698,0.058
N004092,P094,265,0.021
N004100,P006,1137,0.05
N004108,P020,1332,0.052
N004116,P240,2031,0.049
N004124,P137,1152,0.039
N004132,P001,2555,0.122
N004140,P006,1425,0.062
N004148,P094,2065,0.049
N004156,P005,2224,0.106
N004164,P229,1308,0.045
N004172,P184,2040,0.047
N004180,P004,1072,0.053
N004188,P240,1836,0.048
N004196,P005,2031,0.065
N004204,P146,495,0.031
N004212,P003,1216,0.048
N004220,P006,1195,0.062
N004228,P094,1866,0.048
N004236,P002,2220,0.091
N004244,P005,2227,0.101
N004252,P005,2270,0.107
N004260,P005,2009,0.083
N004268,P151,190,0.031
N004276,P240,1735,0.049
N004284,P004,1524,0.066
N004292,P215,1661,0.047
N004300,P228,2236,0.061
N004308,P094,1390,0.052
N004316,P120,129,0.019
N004324,P094,1698,0.049
N004332,P005,2223,0.13
N004340,P006,712,0.048
N004348,P203,1210,0.036
N004356,P004,719,0.032
N004364,P180,1358,0.046
N004372,P094,1996,0.054
N004380,P020,2168,0.089
N004388,P205,3024,0.093
N004396,P004,1096,0.061
N004404,P094,834,0.031
N004412,P002,2071,0.112
N004420,P054,2506,0.073
N004428,P136,2157,0.058
N004436,P003,959,0.057
N004444,P020,1246,0.09
N004452,P120,223,0.044
N004460,P094,2319,0.056
N004468,P211,1782,0.073
N004476,P141,1743,0.128
N004484,P094,1027,0.091
N004492,P002,2235,0.164
N004500,P020,794,0.041
N004508,P003,1402,0.06
N004516,P044,316,0.031
N004524,P006,872,0.054
N004532,P003,924,0.046
N004540,P094,370,0.03
N004548,P094,546,0.026
N004556,P094,394,0.033
N004564,P005,2227,0.193
N004572,P095,2475,0.155
N004580,P164,543,0.046
N004588,P001,1656,0.095
N004596,P139,2408,0.098
N004604,P002,2055,0.092
N004612,P004,1638,0.13
N004620,P094,1140,0.073
N004628,P002,2319,0.139
N004636,P240,2656,0.082
N004644,P181,2923,0.083
N004652,P020,1881,0.077
N004660,P002,2365,0.108
N004668,P094,1330,0.051
N004676,P179,628,0.032
N004684,P181,222,0.018
N004692,P242,1121,0.031
N004700,P094,458,0.027
N004708,P005,2257,0.104
N004716,P239,2736,0.088
N004724,P184,1088,0.05
N004732,P006,1611,0.064
N004740,P091,834,0.041
N004748,P214,1088,0.042
N004756,P061,1165,0.03
N004764,P001,2232,0.106
N004772,P134,2171,0.07
N004780,P122,1392,0.047
N004788,P175,3028,0.089
N004796,P175,2060,0.063
N004804,P136,405,0.032
N004812,P005,2039,0.074
N004820,P003,1186,0.054
N004828,P091,2933,0.081
N004836,P005,2300,0.12
N004844,P004,931,0.056
N004852,P213,1802,0.048
N004860,P170,2438,0.07
N004868,P175,1533,0.057
N004876,P005,2035,0.069
N004884,P073,2040,0.053
N004892,P227,1528,0.049
N004900,P020,2810,0.083
N004908,P094,1393,0.049
N004916,P044,426,0.027
N004924,P120,1204,0.032
N004932,P094,768,0.035
N004940,P094,48,0.013
N004948,P094,556,0.02
N004956,P129,3101,0.09
N004964,P181,1962,0.073
N004972,P003,1141,0.057
N004980,P221,100,0.018
N004988,P002,2234,0.102
N004996,P240,312,0.03
N005004,P094,2541,0.06
N005012,P094,832,0.039
N005020,P240,1161,0.039
N005028,P196,712,0.033
N005036,P189,317,0.025
N005044,P240,1311,0.044
N005052,P129,1460,0.049
N005060,P200,1587,0.065
N005068,P131,3120,0.082
N005076,P006,640,0.046
N005084,P041,1058,0.032
N005092,P006,1790,0.062
N005100,P002,1986,0.077
N005108,P003,1176,0.049
N005116,P004,1673,0.073
N005124,P195,920,0.037
N005132,P044,2132,0.05
N005140,P003,840,0.047
N005148,P005,2213,0.086
N005156,P026,1714,0.07
N005164,P084,243,0.021
N005172,P002,2453,0.1
N005180,P094,1587,0.061
N005188,P215,1862,0.048
N005196,P064,1953,0.048
N005204,P005,2210,0.097
N005212,P094,1183,0.041
N005220,P042,663,0.032
N005228,P002,1694,0.066
N005236,P002,2261,0.084
N005244,P228,991,0.044
N005252,P004,1749,0.065
N005260,P001,2322,0.111
N005268,P166,1069,0.045
N005276,P003,1196,0.056
N005284,P200,2360,0.084
N005292,P246,1917,0.052
N005300,P005,2172,0.096
N005308,P003,1524,0.059
N005316,P001,1791,0.067
N005324,P147,2544,0.08
N005332,P020,2060,0.058
N005340,P005,2227,0.105
N005348,P014,2305,0.066
N005356,P184,287,0.028
N005364,P004,1644,0.055
N005372,P094,1742,0.059
N005380,P109,1720,0.052
N005388,P183,539,0.028
N005396,P003,921,0.038
N005404,P094,839,0.032
N005412,P240,1795,0.05
N005420,P222,1218,0.046
N005428,P002,2450,0.114
N005436,P003,1626,0.078
N005444,P240,720,0.034
N005452,P167,2844,0.069
N005460,P235,2186,0.061
N005468,P020,1994,0.055
N005476,P005,2228,0.095
N005484,P004,1122,0.052
N005492,P069,1688,0.05
N005500,P006,1594,0.071
N005508,P004,680,0.033
N005516,P094,1064,0.032
N005524,P240,1386,0.043
N005532,P215,1771,0.054
N005540,P255,364,0.023
N005548,P003,1101,0.046
N005556,P002,2113,0.082
N005564,P005,2353,0.12
N005572,P130,1973,0.055
N005580,P094,1289,0.047
N005588,P018,435,0.024
N005596,P129,2982,0.073
N005604,P094,499,0.04
N005612,P002,2230,0.09
N005620,P016,1979,0.053
N005628,P001,2290,0.112
N005636,P122,2462,0.068
N005644,P006,1372,0.063
N005652,P020,1750,0.046
N005660,P156,2402,0.06
N005668,P004,1550,0.06
N005676,P032,439,0.024
N005684,P044,1170,0.032
N005692,P004,1474,0.061
N005700,P094,2380,0.059
N005708,P003,688,0.047
N005716,P004,1589,0.053
N005724,P002,2197,0.079
N005732,P235,1698,0.054
N005740,P225,1423,0.056
N005748,P094,458,0.025
N005756,P094,2910,0.089
N005764,P207,790,0.044
N005772,P094,1323,0.041
N005780,P160,789,0.03
N005788,P173,260,0.015
N005796,P120,327,0.016
N005804,P060,1988,0.048
N005812,P181,806,0.04
N005820,P073,1471,0.035
N005828,P004,930,0.044
N005836,P115,1949,0.059
N005844,P004,1806,0.075
N005852,P003,886,0.04
N005860,P006,1864,0.077
N005868,P044,2071,0.052
N005876,P003,1568,0.06
N005884,P185,2344,0.071
N005892,P003,1498,0.056
N005900,P020,575,0.027
N005908,P094,730,0.023
N005916,P240,2020,0.067
N005924,P020,2184,0.067
N005932,P044,938,0.036
N005940,P004,1642,0.062
N005948,P240,521,0.028
N005956,P044,915,0.03
N005964,P189,2053,0.046
N005972,P020,1381,0.053
N005980,P094,832,0.035
N005988,P189,1534,0.043
N005996,P020,910,0.03
N006004,P005,2270,0.1
N006012,P006,1083,0.054
N006020,P001,2180,0.091
N006028,P240,2635,0.076
N006036,P002,2267,0.12
N006044,P044,2605,0.09
N006052,P127,685,0.039
N006060,P063,1418,0.045
N006068,P001,2333,0.084
N006076,P005,2036,0.083
N006084,P035,1136,0.045
N006092,P005,2140,0.077
N006100,P191,516,0.031
N006108,P005,2195,0.08
N006116,P005,2455,0.147
N006124,P096,268,0.032
N006132,P003,1820,0.075
N006140,P094,1982,0.067
N006148,P004,1296,0.058
N006156,P229,387,0.027
N006164,P099,752,0.029
N006172,P001,2296,0.122
N006180,P094,1696,0.056
N006188,P094,817,0.03
N006196,P094,1062,0.024
N006204,P129,1897,0.042
N006212,P211,1524,0.043
N006220,P006,1231,0.039
N006228,P094,820,0.034
N006236,P044,941,0.034
N006244,P147,1592,0.036
N006252,P094,2085,0.052
N006260,P094,2430,0.079
N006268,P069,809,0.035
N006276,P002,2182,0.09
N006284,P004,1320,0.052
N006292,P001,2248,0.098
N006300,P181,1233,0.048
N006308,P168,887,0.033
N006316,P001,2255,0.11
N006324,P001,1974,0.1
N006332,P089,1104,0.046
N006340,P181,2700,0.076
N006348,P005,1484,0.076
N006356,P094,723,0.032
N006364,P013,96,0.015
N006372,P120,318,0.019
N006380,P185,1393,0.044
N006388,P039,1379,0.047
N006396,P125,755,0.027
N006404,P221,29,0.012
N006412,P216,2403,0.062
N006420,P004,1124,0.056
N006428,P213,1242,0.042
N006436,P087,2273,0.07
N006444,P240,815,0.041
N006452,P240,1477,0.052
N006460,P001,2262,0.108
N006468,P002,2221,0.105
N006476,P232,1405,0.058
N006484,P094,1863,0.055
N006492,P001,2203,0.097
N006500,P182,903,0.037
N006508,P005,2165,0.087
N006516,P221,183,0.027
N006524,P002,2302,0.106
N006532,P001,2279,0.119
N006540,P094,2766,0.08
N006548,P094,548,0.033
N006556,P252,1231,0.042
N006564,P244,174,0.019
N006572,P004,1555,0.055
N006580,P136,3091,0.075
N006588,P015,106,0.027
N006596,P004,1659,0.06
N006604,P020,2644,0.069
N006612,P006,736,0.046
N006620,P003,1057,0.04
N006628,P052,886,0.027
N006636,P005,2301,0.126
N006644,P094,2295,0.115
N006652,P244,139,0.028
N006660,P057,1205,0.035
N006668,P020,2146,0.052
N006676,P215,416,0.033
N006684,P002,2257,0.213
N006692,P006,923,0.109
N006700,P002,2312,0.169
N006708,P069,1296,0.087
N006716,P180,2332,0.076
N006724,P094,1434,0.077
N006732,P085,2623,0.079
N006740,P088,252,0.041
N006748,P146,324,0.027
N006756,P002,1766,0.079
N006764,P004,1039,0.06
N006772,P001,2314,0.098
N006780,P006,1317,0.078
N006788,P220,1831,0.063
N006796,P121,3045,0.088
N006804,P094,2559,0.093
N006812,P211,2331,0.073
N006820,P135,1151,0.052
N006828,P226,2841,0.072
N006836,P006,1591,0.076
N006844,P001,1979,0.08
N006852,P238,1089,0.05
N006860,P106,2479,0.196
N006868,P227,1563,0.07
N006876,P002,1649,0.071
N006884,P094,2023,0.074
N006892,P209,63,0.028
N006900,P034,2356,0.063
N006908,P014,994,0.047
N006916,P031,892,0.041
N006924,P200,553,0.036
N006932,P005,2379,0.105
N006940,P006,1473,0.073
N006948,P004,1811,0.091
N006956,P094,2527,0.088
N006964,P006,1205,0.06
N006972,P094,1422,0.049
N006980,P002,2279,0.107
N006988,P012,783,0.038
N006996,P166,836,0.029
N007004,P193,1471,0.041
N007012,P094,1170,0.04
N007020,P002,2193,0.087
N007028,P094,439,0.037
N007036,P061,449,0.021
N007044,P099,923,0.03
N007052,P221,212,0.02
N007060,P135,617,0.026
N007068,P257,1010,0.034
N007076,P156,862,0.029
N007084,P037,198,0.019
N007092,P235,2596,0.062
N007100,P146,762,0.042
N007108,P094,1139,0.035
N007116,P003,1592,0.075
N007124,P181,491,0.031
N007132,P195,510,0.027
N007140,P094,1973,0.041
N007148,P002,1133,0.044
N007156,P094,1714,0.059
N007164,P098,2343,0.075
N007172,P129,253,0.025
N007180,P094,1205,0.035
N007188,P094,1608,0.05
N007196,P221,224,0.024
N007204,P003,1845,0.075
N007212,P003,547,0.036
N007220,P088,1539,0.047
N007228,P186,2428,0.074
N007236,P044,1931,0.076
N007244,P215,1067,0.044
N007252,P094,1153,0.036
N007260,P127,2155,0.05
N007268,P001,2217,0.095
N007276,P006,1507,0.058
N007284,P020,1387,0.05
N007292,P049,440,0.026
N007300,P001,2572,0.122
N007308,P047,2036,0.06
N007316,P232,254,0.024
N007324,P240,1301,0.037
N007332,P088,365,0.024
N007340,P001,2238,0.078
N007348,P200,2538,0.078
N007356,P241,2382,0.072
N007364,P094,2030,0.068
N007372,P061,944,0.041
N007380,P094,375,0.024
N007388,P094,676,0.021
N007396,P094,557,0.024
N007404,P240,1423,0.042
N007412,P006,1591,0.072
N007420,P003,989,0.047
N007428,P088,670,0.034
N007436,P094,1113,0.028
N007444,P094,1146,0.035
N007452,P229,412,0.023
N007460,P005,2195,0.091
N007468,P094,848,0.04
N007476,P020,920,0.03
N007484,P004,1751,0.067
N007492,P006,1724,0.077
N007500,P235,1754,0.059
N007508,P094,1986,0.048
N007516,P215,517,0.028
N007524,P020,1211,0.032
N007532,P094,3083,0.082
N007540,P021,722,0.04
N007548,P221,407,0.019
N007556,P228,850,0.03
N007564,P005,2478,0.118
N007572,P181,2882,0.091
N007580,P117,55,0.027
N007588,P059,2028,0.04
N007596,P003,1005,0.047
N007604,P259,1097,0.112
N007612,P240,2012,0.045
N007620,P004,1256,0.067
N007628,P020,1237,0.036
N007636,P255,973,0.039
N007644,P094,2852,0.085
N007652,P005,2279,0.097
N007660,P240,2960,0.125
N007668,P002,2122,0.084
N007676,P002,1747,0.076
N007684,P002,2398,0.12
N007692,P104,2829,0.084
N007700,P176,1926,0.074
N007708,P180,104,0.02
N007716,P094,1117,0.024
N007724,P211,2459,0.081
N007732,P215,747,0.042
N007740,P044,2114,0.051
N007748,P094,493,0.028
N007756,P175,1028,0.029
N007764,P021,1042,0.034
N007772,P002,2406,0.117
N007780,P191,1634,0.068
N007788,P104,1632,0.055
N007796,P207,815,0.036
N007804,P215,593,0.026
N007812,P189,2600,0.059
N007820,P002,1100,0.055
N007828,P001,2124,0.086
N007836,P096,792,0.036
N007844,P002,2385,0.106
N007852,P044,1881,0.071
N007860,P240,2682,0.066
N007868,P004,1587,0.08
N007876,P001,2406,0.096
N007884,P003,1609,0.063
N007892,P002,2366,0.11
N007900,P006,1496,0.063
N007908,P217,246,0.023
N007916,P004,1549,0.055
N007924,P094,2466,0.062
N007932,P001,2205,0.109
N007940,P006,1644,0.077
N007948,P227,798,0.04
N007956,P003,1808,0.07
N007964,P002,2243,0.117
N007972,P003,1724,0.08
N007980,P094,1576,0.056
N007988,P021,2155,0.053
N007996,P228,1971,0.054
N008004,P127,232,0.023
N008012,P243,1075,0.033
N008020,P006,1591,0.054
N008028,P001,2279,0.087
N008036,P001,2251,0.106
N008044,P094,1883,0.067
N008052,P227,1859,0.053
N008060,P004,894,0.042
N008068,P244,196,0.016
N008076,P003,1780,0.065
N008084,P088,370,0.028
N008092,P002,2052,0.071
N008100,P237,1012,0.042
N008108,P006,1768,0.073
N008116,P044,916,0.041
N008124,P232,1547,0.041
N008132,P120,1569,0.051
N008140,P001,2292,0.089
N008148,P006,764,0.045
N008156,P094,1848,0.044
N008164,P180,754,0.031
N008172,P004,1730,0.073
N008180,P001,974,0.042
N008188,P094,1948,0.048
N008196,P056,874,0.038
N008204,P005,2412,0.112
N008212,P003,1376,0.053
N008220,P004,1798,0.08
N008228,P094,1168,0.043
N008236,P002,2444,0.1
N008244,P099,1735,0.07
N008252,P094,2148,0.065
N008260,P238,1191,0.042
N008268,P004,1607,0.056
N008276,P002,2562,0.122
N008284,P057,1286,0.057
N008292,P001,2105,0.066
N008300,P004,1504,0.07
N008308,P006,1576,0.068
N008316,P002,2225,0.106
N008324,P216,2061,0.063
N008332,P240,398,0.025
N008340,P094,1096,0.022
N008348,P241,2666,0.063
N008356,P094,704,0.035
N008364,P020,1995,0.046
N008372,P096,471,0.028
N008380,P146,1713,0.042
N008388,P189,1587,0.049
N008396,P185,1561,0.053
N008404,P227,240,0.023
N008412,P094,1948,0.038
N008420,P227,2762,0.07
N008428,P240,2474,0.072
N008436,P240,2417,0.061
N008444,P258,983,0.038
N008452,P005,1910,0.069
N008460,P001,2005,0.105
N008468,P002,2207,0.095
N008476,P005,2029,0.105
N008484,P071,1698,0.06
N008492,P006,811,0.04
N008500,P011,160,0.015
N008508,P232,1217,0.037
N008516,P005,2100,0.069
N008524,P094,752,0.04
N008532,P068,857,0.028
N008540,P094,1509,0.046
N008548,P184,1431,0.044
N008556,P002,2178,0.096
N008564,P020,1789,0.063
N008572,P067,2307,0.055
N008580,P053,378,0.03
N008588,P003,1132,0.053
N008596,P004,1372,0.058
N008604,P240,1781,0.058
N008612,P240,1180,0.044
N008620,P089,613,0.031
N008628,P062,757,0.027
N008636,P003,1355,0.05
N008644,P057,2517,0.076
N008652,P094,1601,0.052
N008660,P001,2122,0.089
N008668,P094,328,0.029
N008676,P003,626,0.03
N008684,P240,2131,0.054
N008692,P163,994,0.036
N008700,P002,1573,0.064
N008708,P106,432,0.028
N008716,P225,839,0.026
N008724,P248,233,0.02
N008732,P002,2229,0.102
N008740,P006,1670,0.078
N008748,P003,1558,0.063
N008756,P004,1193,0.053
N008764,P133,260,0.02
N008772,P094,319,0.016
N008780,P214,2263,0.055
N008788,P006,981,0.046
N008796,P046,68,0.014
N008804,P003,1098,0.042
N008812,P005,2211,0.092
N008820,P200,2311,0.074
N008828,P054,447,0.034
N008836,P005,1974,0.084
N008844,P006,1759,0.12
N008852,P096,407,0.046
N008860,P094,874,0.027
N008868,P116,940,0.038
N008876,P094,876,0.037
N008884,P203,2042,0.043
N008892,P016,164,0.025
N008900,P002,1938,0.068
N008908,P183,1961,0.065
N008916,P213,1448,0.051
N008924,P004,694,0.302
N008932,P006,1638,0.093
N008940,P001,2292,0.139
N008948,P094,844,0.063
N008956,P195,1591,0.062
N008964,P094,1806,0.065
N008972,P028,1961,0.059
N008980,P003,1211,0.062
N008988,P094,2540,0.077
N008996,P196,161,0.033
N009004,P003,1617,0.063
N009012,P216,2385,0.069
N009020,P094,2460,0.065
N009028,P199,546,0.042
N009036,P183,610,0.026
N009044,P005,2187,0.084
N009052,P240,1545,0.056
N009060,P001,2190,0.1
N009068,P002,2208,0.116
N009076,P094,1240,0.063
N009084,P044,501,0.035
N009092,P248,1085,0.034
N009100,P133,2596,0.071
N009108,P231,370,0.036
N009116,P003,785,0.036
N009124,P031,1614,0.046
N009132,P006,784,0.049
N009140,P002,1225,0.144
N009148,P211,2110,0.06
N009156,P003,1649,0.075
N009164,P215,2561,0.067
N009172,P181,442,0.035
N009180,P003,956,0.038
N009188,P181,2217,0.052
N009196,P003,1901,0.103
N009204,P004,642,0.041
N009212,P003,1676,0.061
N009220,P002,2325,0.096
N009228,P004,1311,0.067
N009236,P091,557,0.027
N009244,P003,1688,0.059
N009252,P180,1035,0.04
N009260,P002,2297,0.098
N009268,P235,2033,0.056
N009276,P003,1218,0.052
N009284,P073,424,0.026
N009292,P094,2279,0.052
N009300,P004,1525,0.062
N009308,P094,2582,0.08
N009316,P094,1308,0.044
N009324,P006,1594,0.069
N009332,P002,2301,0.116
N009340,P057,2677,0.103
N009348,P132,1051,0.052
N009356,P231,723,0.034
N009364,P020,1330,0.053
N009372,P238,1170,0.047
N009380,P094,2394,0.06
N009388,P094,325,0.068
N009396,P044,2196,0.054
N009404,P020,791,0.047
N009412,P244,118,0.016
N009420,P005,2210,0.087
N009428,P094,2403,0.07
N009436,P094,686,0.042
N009444,P227,1878,0.049
N009452,P044,1206,0.038
N009460,P037,205,0.021
N009468,P004,1459,0.057
N009476,P060,889,0.037
N009484,P189,1620,0.051
N009492,P046,88,0.02
N009500,P006,931,0.031
N009508,P240,2128,0.051
N009516,P039,604,0.037
N009524,P136,2007,0.045
N009532,P001,2254,0.106
N009540,P094,2013,0.072
N009548,P001,2265,0.095
N009556,P094,1997,0.054
N009564,P002,2192,0.089
N009572,P198,2859,0.089
N009580,P001,2146,0.086
N009588,P094,746,0.034
N009596,P216,284,0.019
N009604,P094,519,0.024
N009612,P006,1228,0.055
N009620,P005,2364,0.1
N009628,P154,1997,0.058
N009636,P006,1869,0.089
N009644,P006,1784,0.079
N009652,P048,334,0.027
N009660,P183,2037,0.043
N009668,P183,1702,0.054
N009676,P004,1122,0.057
N009684,P246,761,0.032
N009692,P094,2351,0.077
N009700,P003,1748,0.077
N009708,P153,211,0.022
N009716,P146,1467,0.039
N009724,P001,1019,0.043
N009732,P094,2750,0.065
N009740,P035,1601,0.061
N009748,P073,2573,0.066
N009756,P087,2456,0.083
N009764,P106,1245,0.052
N009772,P240,1082,0.038
N009780,P002,2121,0.075
N009788,P246,1014,0.044
N009796,P001,1941,0.074
N009804,P004,1070,0.046
N009812,P094,963,0.033
N009820,P236,494,0.024
N009828,P057,2424,0.059
N009836,P014,2041,0.058
N009844,P006,1501,0.073
N009852,P013,97,0.02
N009860,P001,2097,0.088
N009868,P239,1413,0.051
N009876,P180,414,0.024
N009884,P004,1423,0.055
N009892,P020,1978,0.06
N009900,P005,1921,0.067
N009908,P002,2258,0.084
N009916,P004,1683,0.082
N009924,P044,1156,0.048
N009932,P020,1207,0.04
N009940,P141,1898,0.045
N009948,P094,936,0.039
N009956,P008,33,0.015
N009964,P229,622,0.024
N009972,P056,319,0.022
N009980,P094,2569,0.071
N009988,P094,1491,0.062
N009996,P195,1897,0.046
N010004,P157,369,0.025
N010012,P005,2364,0.092
N010020,P008,140,0.026
N010028,P006,1677,0.064
N010036,P094,2918,0.073
N010044,P094,1866,0.072
N010052,P120,151,0.02
N010060,P221,1946,0.038
N010068,P020,962,0.044
N010076,P142,47,0.014
N010084,P004,580,0.027
N010092,P003,1238,0.052
N010100,P094,1926,0.044
N010108,P003,771,0.049
N010116,P010,2513,0.058
N010124,P006,1369,0.061
N010132,P094,1467,0.055
N010140,P089,2296,0.067
N010148,P229,1391,0.055
N010156,P002,2256,0.095
N010164,P159,2449,0.068
N010172,P001,2172,0.092
N010180,P209,80,0.025
N010188,P001,2273,0.082
N010196,P223,518,0.036
N010204,P094,651,0.03
N010212,P003,1208,0.053
N010220,P088,1276,0.047
N010228,P006,1441,0.05
N010236,P020,2481,0.072
N010244,P120,107,0.024
N010252,P038,2147,0.048
N010260,P005,2272,0.126
N010268,P002,2375,0.128
N010276,P146,2558,0.091
N010284,P001,1727,0.083
N010292,P094,989,0.04
N010300,P122,2534,0.068
N010308,P003,1175,0.045
N010316,P094,1269,0.043
N010324,P132,1793,0.057
N010332,P094,965,0.038
N010340,P002,2190,0.083
N010348,P001,2167,0.108
N010356,P235,401,0.034
N010364,P005,2219,0.099
N010372,P005,2282,0.105
N010380,P211,1694,0.057
N010388,P001,2227,0.105
N010396,P053,2034,0.076
N010404,P005,1089,0.047
N010412,P094,2138,0.049
N010420,P242,3641,0.117
N010428,P044,972,0.049
N010436,P002,2100,0.069
N010444,P094,2190,0.06
N010452,P166,1993,0.049
N010460,P006,1004,0.045
N010468,P077,2165,0.048
N010476,P001,2297,0.089
N010484,P001,2256,0.112
N010492,P001,2336,0.103
N010500,P240,1991,0.062
N010508,P189,2700,0.065
N010516,P006,1559,0.069
N010524,P257,1497,0.042
N010532,P244,130,0.02
N010540,P109,1042,0.034
N010548,P227,608,0.028
N010556,P003,1518,0.047
N010564,P002,2171,0.09
N010572,P069,1953,0.053
N010580,P004,1467,0.067
N010588,P012,1714,0.054
N010596,P165,741,0.036
N010604,P003,943,0.044
N010612,P094,1702,0.047
N010620,P065,1251,0.049
N010628,P003,962,0.043
N010636,P250,304,0.022
N010644,P221,182,0.016
N010652,P160,2511,0.069
N010660,P129,800,0.042
N010668,P240,1035,0.037
N010676,P094,2273,0.071
N010684,P069,750,0.047
N010692,P002,2269,0.105
N010700,P073,326,0.031
N010708,P002,2331,0.083
N010716,P094,675,0.04
N010724,P199,2095,0.042
N010732,P006,1279,0.05
N010740,P086,1534,0.046
N010748,P140,681,0.027
N010756,P071,2754,0.066
N010764,P004,1287,0.067
N010772,P166,723,0.034
N010780,P131,499,0.021
N010788,P148,377,0.02
N010796,P240,2304,0.059
N010804,P044,258,0.025
N010812,P240,1381,0.037
N010820,P044,2610,0.076
N010828,P175,894,0.039
N010836,P020,2299,0.063
N010844,P096,1945,0.051
N010852,P046,105,0.02
N010860,P044,1689,0.04
N010868,P181,1703,0.057
N010876,P003,1712,0.066
N010884,P004,698,0.038
N010892,P094,842,0.032
N010900,P020,2087,0.057
N010908,P006,779,0.044
N010916,P006,1495,0.059
N010924,P258,618,0.035
N010932,P089,2443,0.068
N010940,P020,1592,0.065
N010948,P229,426,0.028
N010956,P094,2168,0.045
N010964,P094,1532,0.052
N010972,P006,1727,0.069
N010980,P005,2490,0.139
N010988,P001,1670,0.075
N010996,P005,2173,0.111
N011004,P094,2325,0.075
N011012,P232,667,0.03
N011020,P094,436,0.021
N011028,P001,2065,0.078
N011036,P094,434,0.033
N011044,P216,1526,0.041
N011052,P190,619,0.029
N011060,P005,2262,0.078
N011068,P002,1653,0.07
N011076,P001,2263,0.106
N011084,P006,769,0.049
N011092,P006,1679,0.062
N011100,P094,2156,0.053
N011108,P002,2332,0.124
N011116,P220,2907,0.094
N011124,P094,1888,0.066
N011132,P002,1697,0.071
N011140,P003,1570,0.067
N011148,P006,1172,0.058
N011156,P094,3293,0.089
N011164,P094,1905,0.072
N011172,P044,2232,0.057
N011180,P006,1563,0.204
N011188,P005,1531,0.217
N011196,P006,1781,0.087
N011204,P216,786,0.055
N011212,P225,430,0.039
N011220,P020,695,0.03
N011228,P141,1322,0.048
N011236,P001,2414,0.126
N011244,P071,955,0.042
N011252,P002,2187,0.091
N011260,P006,1690,0.078
N011268,P005,1892,0.075
N011276,P020,1176,0.044
N011284,P006,1515,0.056
N011292,P240,3221,0.099
N011300,P094,1041,0.048
N011308,P001,1969,0.055
N011316,P094,1476,0.053
N011324,P257,1285,0.036
N011332,P002,2174,0.1
N011340,P005,2391,0.127
N011348,P001,2132,0.095
N011356,P094,1454,0.045
N011364,P146,2662,0.074
N011372,P020,2132,0.061
N011380,P003,1631,0.056
N011388,P239,2027,0.066
N011396,P094,2086,0.05
N011404,P004,1614,0.07
N011412,P005,1466,0.062
N011420,P005,2223,0.092
N011428,P229,1408,0.044
N011436,P003,1480,0.069
N011444,P003,1770,0.079
N011452,P003,1456,0.071
N011460,P094,3098,0.079
N011468,P002,2161,0.095
N011476,P003,1921,0.093
N011484,P240,887,0.039
N011492,P172,1928,0.041
N011500,P005,2229,0.106
N011508,P001,2353,0.115
N011516,P002,2268,0.121
N011524,P214,1365,0.05
N011532,P098,2232,0.057
N011540,P002,2369,0.112
N011548,P069,1342,0.044
N011556,P094,2055,0.05
N011564,P108,732,0.042
N011572,P040,1049,0.034
N011580,P103,612,0.029
N011588,P245,66,0.012
N011596,P020,179,0.012
N011604,P001,1527,0.047
N011612,P013,75,0.018
N011620,P094,2302,0.05
N011628,P003,1124,0.063
N011636,P248,198,0.02
N011644,P094,2663,0.058
N011652,P094,2035,0.055
N011660,P053,519,0.032
N011668,P002,1405,0.047
N011676,P038,1980,0.05
N011684,P005,2010,0.096
N011692,P180,1965,0.051
N011700,P005,1895,0.091
N011708,P239,1237,0.053
N011716,P235,2664,0.093
N011724,P088,1154,0.052
N011732,P167,1487,0.048
N011740,P094,2350,0.072
N011748,P005,2287,0.108
N011756,P063,2101,0.06
N011764,P005,2181,0.092
N011772,P094,2491,0.079
N011780,P004,1366,0.05
N011788,P094,945,0.035
N011796,P094,3496,0.101
N011804,P001,2160,0.106
N011812,P107,807,0.036
N011820,P058,2496,0.056
N011828,P005,1907,0.08
N011836,P001,2383,0.114
N011844,P021,1865,0.067
N011852,P222,313,0.027
N011860,P005,1873,0.071
N011868,P073,1131,0.041
N011876,P006,1321,0.056
N011884,P201,474,0.025
N011892,P001,2529,0.132
N011900,P002,2261,0.099
N011908,P240,1965,0.051
N011916,P094,1256,0.037
N011924,P094,998,0.031
N011932,P195,583,0.025
N011940,P005,2180,0.087
N011948,P002,2156,0.078
N011956,P004,1178,0.064
N011964,P094,2186,0.07
N011972,P021,1856,0.048
N011980,P002,2200,0.085
N011988,P001,2223,0.098
N011996,P143,140,0.027
N000005,P215,2103,0.045
N000013,P088,602,0.037
N000021,P004,1458,0.059
N000029,P002,2250,0.097
N000037,P094,2092,0.056
N000045,P137,1631,0.059
N000053,P094,2389,0.08
N000061,P231,175,0.027
N000069,P214,781,0.023
N000077,P003,2124,0.089
N000085,P003,1218,0.056
N000093,P003,745,0.034
N000101,P032,2269,0.052
N000109,P006,887,0.048
N000117,P229,1133,0.032
N000125,P168,1855,0.056
N000133,P004,1106,0.047
N000141,P071,449,0.022
N000149,P227,3370,0.096
N000157,P004,1406,0.063
N000165,P006,1653,0.071
N000173,P106,2596,0.066
N000181,P120,2116,0.058
N000189,P056,1009,0.042
N000197,P091,738,0.032
N000205,P002,530,0.026
N000213,P072,1161,0.032
N000221,P249,1812,0.051
N000229,P034,1351,0.042
N000237,P004,1108,0.044
N000245,P096,1968,0.043
N000253,P002,2093,0.081
N000261,P168,3111,0.082
N000269,P211,2671,0.081
N000277,P002,2223,0.102
N000285,P189,1600,0.052
N000293,P215,734,0.033
N000301,P006,1600,0.061
N000309,P006,1344,0.044
N000317,P260,1653,0.05
N000325,P236,1197,0.044
N000333,P069,1588,0.049
N000341,P002,1417,0.06
N000349,P200,462,0.024
N000357,P004,1529,0.051
N000365,P014,1207,0.041
N000373,P250,977,0.036
N000381,P227,973,0.029
N000389,P094,1969,0.045
N000397,P003,1459,0.051
N000405,P097,940,0.035
N000413,P094,2329,0.064
N000421,P217,1988,0.056
N000429,P004,1504,0.069
N000437,P004,1280,0.056
N000445,P001,2197,0.105
N000453,P137,1713,0.065
N000461,P001,2204,0.104
N000469,P003,1410,0.072
N000477,P094,299,0.024
N000485,P094,935,0.029
N000493,P094,1283,0.043
N000501,P073,138,0.018
N000509,P094,957,0.029
N000517,P004,1011,0.036
N000525,P002,2001,0.072
N000533,P200,1674,0.055
N000541,P003,538,0.032
N000549,P006,1541,0.053
N000557,P078,1861,0.06
N000565,P181,1543,0.047
N000573,P002,2142,0.075
N000581,P003,1135,0.057
N000589,P239,2361,0.055
N000597,P001,2198,0.091
N000605,P094,2341,0.063
N000613,P240,418,0.032
N000621,P240,1153,0.035
N000629,P143,2660,0.061
N000637,P094,2245,0.061
N000645,P097,718,0.034
N000653,P060,1273,0.047
N000661,P232,1532,0.05
N000669,P221,81,0.019
N000677,P221,152,0.012
N000685,P001,2050,0.067
N000693,P167,462,0.031
N000701,P001,2165,0.079
N000709,P166,938,0.046
N000717,P002,615,0.032
N000725,P003,1237,0.05
N000733,P202,1993,0.046
N000741,P240,800,0.037
N000749,P028,250,0.018
N000757,P003,1438,0.058
N000765,P192,1940,0.044
N000773,P150,2570,0.061
N000781,P005,1022,0.049
N000789,P227,1476,0.053
N000797,P002,2159,0.081
N000805,P004,1694,0.075
N000813,P013,132,0.023
N000821,P094,1337,0.038
N000829,P003,1508,0.06
N000837,P183,1520,0.048
N000845,P020,531,0.029
N000853,P006,1623,0.057
N000861,P195,1065,0.042
N000869,P094,262,0.019
N000877,P020,1266,0.029
N000885,P005,2200,0.087
N000893,P179,900,0.045
N000901,P240,696,0.026
N000909,P020,917,0.036
N000917,P215,1985,0.061
N000925,P229,1125,0.043
N000933,P088,1480,0.047
N000941,P094,244,0.022
N000949,P006,1974,0.078
N000957,P221,24,0.017
N000965,P094,694,0.021
N000973,P180,122,0.014
N000981,P037,106,0.012
N000989,P035,1980,0.054
N000997,P071,1533,0.056
N001005,P001,2141,0.099
N001013,P058,2574,0.072
N001021,P228,1153,0.046
N001029,P106,477,0.025
N001037,P241,2671,0.063
N001045,P260,1330,0.049
N001053,P056,2722,0.067
N001061,P215,2405,0.066
N001069,P240,2883,0.083
N001077,P094,2090,0.058
N001085,P020,2753,0.068
N001093,P002,2104,0.097
N001101,P001,2056,0.08
N001109,P094,2252,0.056
N001117,P094,806,0.043
N001125,P006,1652,0.047
N001133,P094,967,0.042
N001141,P141,713,0.028
N001149,P182,2063,0.051
N001157,P094,1517,0.052
N001165,P133,1906,0.046
N001173,P004,930,0.041
N001181,P235,1869,0.053
N001189,P026,2867,0.134
N001197,P001,2235,0.13
N001205,P228,602,0.036
N001213,P002,2312,0.098
N001221,P006,661,0.045
N001229,P094,2028,0.044
N001237,P004,910,0.041
N001245,P094,2612,0.064
N001253,P219,1877,0.057
N001261,P240,1230,0.051
N001269,P020,367,0.023
N001277,P228,725,0.027
N001285,P001,2370,0.093
N001293,P094,1734,0.062
N001301,P098,2338,0.055
N001309,P004,358,0.035
N001317,P240,1585,0.048
N001325,P222,1120,0.034
N001333,P002,2309,0.116
N001341,P225,1659,0.051
N001349,P002,2236,0.104
N001357,P148,1272,0.053
N001365,P048,1095,0.039
N001373,P005,2200,0.082
N001381,P056,1440,0.055
N001389,P004,1618,0.071
N001397,P168,2081,0.116
N001405,P122,1598,0.058
N001413,P156,157,0.031
N001421,P005,2061,0.086
N001429,P004,1438,0.176
N001437,P167,1256,0.074
N001445,P094,1376,0.091
N001453,P005,2308,0.124
N001461,P099,2290,0.136
N001469,P004,1171,0.095
N001477,P087,1918,0.094
N001485,P240,1374,0.051
N001493,P003,1546,0.076
N001501,P211,1269,0.053
N001509,P094,1130,0.044
N001517,P001,2195,0.11
N001525,P004,1574,0.09
N001533,P136,685,0.039
N001541,P044,1542,0.046
N001549,P003,1299,0.065
N001557,P094,2118,0.055
N001565,P240,717,0.044
N001573,P238,2108,0.053
N001581,P021,750,0.038
N001589,P002,2289,0.121
N001597,P005,2099,0.099
N001605,P001,1775,0.084
N001613,P013,248,0.03
N001621,P044,213,0.017
N001629,P210,1667,0.046
N001637,P221,76,0.02
N001645,P019,2100,0.056
N001653,P006,1590,0.063
N001661,P044,1075,0.036
N001669,P097,1317,0.049
N001677,P003,1983,0.093
N001685,P002,2367,0.125
N001693,P106,1941,0.058
N001701,P146,1096,0.04
N001709,P242,2208,0.168
N001717,P240,716,0.045
N001725,P001,2091,0.104
N001733,P248,317,0.027
N001741,P005,2294,0.114
N001749,P003,1195,0.064
N001757,P235,334,0.025
N001765,P006,1143,0.052
N001773,P235,1035,0.036
N001781,P097,1553,0.05
N001789,P014,1899,0.057
N001797,P094,984,0.04
N001805,P217,727,0.026
N001813,P138,1409,0.039
N001821,P006,1329,0.059
N001829,P094,1123,0.033
N001837,P190,1109,0.031
N001845,P001,2187,0.08
N001853,P020,2094,0.065
N001861,P081,2479,0.087
N001869,P004,1108,0.064
N001877,P004,1494,0.064
N001885,P250,1524,0.054
N001893,P249,722,0.036
N001901,P232,301,0.02
N001909,P004,1943,0.075
N001917,P054,2598,0.077
N001925,P004,1855,0.085
N001933,P257,1868,0.065
N001941,P221,21,0.018
N001949,P002,2231,0.084
N001957,P078,974,0.049
N001965,P044,608,0.027
N001973,P021,1488,0.043
N001981,P145,639,0.025
N001989,P099,411,0.021
N001997,P044,473,0.024
N002005,P094,1308,0.032
N002013,P200,1902,0.064
N002021,P002,2285,0.119
N002029,P091,806,0.042
N002037,P181,1213,0.047
N002045,P001,1292,0.049
N002053,P215,305,0.024
N002061,P005,1256,0.044
N002069,P001,2210,0.09
N002077,P215,660,0.039
N002085,P088,1049,0.033
N002093,P260,727,0.031
N002101,P217,363,0.021
N002109,P167,2088,0.056
N002117,P240,2468,0.073
N002125,P175,2660,0.071
N002133,P029,944,0.044
N002141,P090,180,0.02
N002149,P244,112,0.012
N002157,P229,2911,0.063
N002165,P181,762,0.043
N002173,P071,2407,0.074
N002181,P234,2133,0.055
N002189,P002,2221,0.103
N002197,P240,307,0.03
N002205,P215,740,0.023
N002213,P094,2183,0.048
N002221,P020,1694,0.059
N002229,P004,1341,0.063
N002237,P001,2054,0.104
N002245,P094,600,0.033
N002253,P129,742,0.024
N002261,P215,878,0.027
N002269,P211,2020,0.044
N002277,P044,946,0.044
N002285,P001,2196,0.089
N002293,P144,890,0.044
N002301,P004,883,0.038
N002309,P005,2155,0.081
N002317,P096,2137,0.065
N002325,P006,1866,0.077
N002333,P163,3062,0.099
N002341,P195,1701,0.068
N002349,P002,2244,0.096
N002357,P094,115,0.026
N002365,P117,48,0.009
N002373,P004,1258,0.054
N002381,P036,2118,0.053
N002389,P208,2196,0.055
N002397,P005,2162,0.072
N002405,P240,2106,0.062
N002413,P044,1712,0.05
N002421,P003,1414,0.048
N002429,P191,1168,0.035
N002437,P020,2011,0.045
N002445,P094,126,0.019
N002453,P094,2473,0.052
N002461,P094,891,0.044
N002469,P028,660,0.027
N002477,P020,606,0.025
N002485,P142,163,0.015
N002493,P002,2238,0.097
N002501,P006,1279,0.066
N002509,P003,1534,0.073
N002517,P006,1637,0.061
N002525,P229,645,0.034
N002533,P094,1672,0.05
N002541,P049,2148,0.055
N002549,P049,802,0.036
N002557,P002,2227,0.095
N002565,P001,2173,0.1
N002573,P005,2169,0.102
N002581,P209,120,0.024
N002589,P003,1463,0.042
N002597,P001,2068,0.089
N002605,P006,768,0.049
N002613,P004,2018,0.083
N002621,P001,1941,0.101
N002629,P020,1484,0.056
N002637,P001,2200,0.091
N002645,P003,1092,0.053
N002653,P001,1965,0.054
N002661,P199,700,0.039
N002669,P001,2172,0.08
N002677,P242,2670,0.079
N002685,P006,1466,0.072
N002693,P005,2116,0.076
N002701,P001,2421,0.098
N002709,P003,806,0.045
N002717,P004,382,0.024
N002725,P221,136,0.012
N002733,P094,1258,0.037
N002741,P089,3020,0.089
N002749,P006,1711,0.089
N002757,P146,335,0.028
N002765,P005,2275,0.11
N002773,P001,1984,0.095
N002781,P183,1199,0.048
N002789,P180,223,0.02
N002797,P005,2263,0.102
N002805,P136,1982,0.054
N002813,P005,2136,0.077
N002821,P006,1025,0.048
N002829,P020,1305,0.039
N002837,P050,912,0.037
N002845,P002,1422,0.054
N002853,P001,2284,0.113
N002861,P094,1424,0.054
N002869,P094,1314,0.038
N002877,P222,1119,0.031
N002885,P215,1209,0.037
N002893,P013,137,0.018
N002901,P002,2448,0.106
N002909,P094,2151,0.06
N002917,P105,227,0.026
N002925,P003,1680,0.064
N002933,P153,119,0.021
N002941,P005,1034,0.038
N002949,P112,986,0.035
N002957,P003,1740,0.07
N002965,P249,627,0.034
N002973,P001,2346,0.114
N002981,P001,2165,0.079
N002989,P002,2316,0.106
N002997,P005,2282,0.108
N003005,P002,2262,0.127
N003013,P002,2487,0.11
N003021,P005,2082,0.09
N003029,P214,1427,0.059
N003037,P062,1535,0.052
N003045,P003,1376,0.047
N003053,P214,969,0.035
N003061,P043,1899,0.043
N003069,P073,2595,0.075
N003077,P002,1954,0.088
N003085,P044,441,0.028
N003093,P004,1542,0.057
N003101,P127,3420,0.106
N003109,P005,2452,0.13
N003117,P002,2337,0.125
N003125,P219,2626,0.072
N003133,P094,906,0.041
N003141,P003,1883,0.079
N003149,P240,2894,0.091
N003157,P020,1225,0.05
N003165,P181,3105,0.083
N003173,P180,2577,0.084
N003181,P165,2240,0.062
N003189,P094,371,0.033
N003197,P002,2256,0.102
N003205,P221,1982,0.052
N003213,P088,1366,0.052
N003221,P094,341,0.022
N003229,P087,1508,0.041
N003237,P001,2158,0.085
N003245,P006,1404,0.058
N003253,P004,1287,0.058
N003261,P228,1562,0.057
N003269,P243,345,0.027
N003277,P260,1867,0.048
N003285,P005,2244,0.097
N003293,P215,743,0.043
N003301,P246,411,0.021
N003309,P004,1700,0.066
N003317,P036,791,0.028
N003325,P094,407,0.022
N003333,P005,2160,0.086
N003341,P240,865,0.042
N003349,P009,1256,0.037
N003357,P094,946,0.033
N003365,P167,1675,0.045
N003373,P002,2085,0.089
N003381,P094,470,0.034
N003389,P001,2231,0.088
N003397,P003,1587,0.076
N003405,P094,134,0.02
N003413,P240,688,0.018
N003421,P094,1346,0.033
N003429,P004,1087,0.046
N003437,P005,1817,0.069
N003445,P072,699,0.029
N003453,P003,664,0.034
N003461,P001,2540,0.124
N003469,P001,1556,0.069
N003477,P006,1345,0.06
N003485,P004,1603,0.063
N003493,P174,1342,0.053
N003501,P003,1313,0.046
N003509,P094,756,0.035
N003517,P027,2689,0.062
N003525,P078,393,0.033
N003533,P094,2062,0.051
N003541,P048,98,0.02
N003549,P006,1367,0.038
N003557,P020,2475,0.072
N003565,P005,2116,0.079
N003573,P002,1593,0.067
N003581,P020,816,0.04
N003589,P129,1505,0.084
N003597,P001,2132,0.093
N003605,P020,971,0.045
N003613,P181,878,0.027
N003621,P096,714,0.048
N003629,P002,1771,0.282
N003637,P122,230,0.032
N003645,P006,1673,0.073
N003653,P006,1050,0.067
N003661,P044,1477,0.057
N003669,P069,182,0.029
N003677,P002,1990,0.137
N003685,P137,472,0.129
N003693,P112,1714,0.077
N003701,P094,1902,0.059
N003709,P258,469,0.06
N003717,P181,1969,0.046
N003725,P002,2334,0.134
N003733,P094,1268,0.059
N003741,P240,1247,0.046
N003749,P003,1505,0.061
N003757,P218,240,0.023
N003765,P003,1263,0.056
N003773,P232,3155,0.092
N003781,P099,1801,0.142
N003789,P006,1763,0.117
N003797,P081,221,0.028
N003805,P003,1780,0.092
N003813,P219,2110,0.062
N003821,P002,2234,0.133
N003829,P094,777,0.046
N003837,P004,1588,0.077
N003845,P111,799,0.037
N003853,P172,3293,0.102
N003861,P255,2530,0.088
N003869,P006,1482,0.104
N003877,P001,2347,0.155
N003885,P094,1013,0.047
N003893,P094,456,0.024
N003901,P094,1642,0.045
N003909,P001,2208,0.112
N003917,P013,144,0.028
N003925,P238,917,0.034
N003933,P152,2543,0.091
N003941,P005,2024,0.106
N003949,P004,1265,0.073
N003957,P030,1576,0.062
N003965,P094,2333,0.067
N003973,P094,56,0.028
N003981,P187,1252,0.034
N003989,P094,1389,0.048
N003997,P241,484,0.031
N004005,P005,2097,0.072
N004013,P002,2321,0.143
N004021,P207,422,0.035
N004029,P006,1023,0.043
N004037,P003,1595,0.06
N004045,P005,2343,0.103
N004053,P001,1531,0.078
N004061,P094,2223,0.063
N004069,P006,1153,0.068
N004077,P020,631,0.037
N004085,P069,2322,0.06
N004093,P222,804,0.035
N004101,P002,2298,0.112
N004109,P088,1320,0.067
N004117,P003,1483,0.065
N004125,P003,1791,0.147
N004133,P003,1356,0.08
N004141,P111,1137,0.045
N004149,P238,813,0.036
N004157,P061,2068,0.052
N004165,P218,1079,0.041
N004173,P090,201,0.025
N004181,P003,1234,0.054
N004189,P094,1938,0.063
N004197,P238,742,0.035
N004205,P089,676,0.033
N004213,P058,705,0.033
N004221,P002,2155,0.078
N004229,P002,2178,0.096
N004237,P094,2919,0.089
N004245,P209,68,0.032
N004253,P216,2834,0.069
N004261,P003,1314,0.053
N004269,P245,260,0.023
N004277,P006,1375,0.045
N004285,P240,1100,0.043
N004293,P020,2361,0.056
N004301,P006,932,0.045
N004309,P004,1706,0.07
N004317,P004,953,0.05
N004325,P141,1924,0.045
N004333,P208,839,0.035
N004341,P046,214,0.021
N004349,P005,2239,0.082
N004357,P057,2005,0.055
N004365,P221,96,0.024
N004373,P002,2019,0.089
N004381,P094,2168,0.09
N004389,P146,3094,0.097
N004397,P150,952,0.052
N004405,P003,1434,0.063
N004413,P002,2084,0.09
N004421,P211,2319,0.063
N004429,P020,179,0.026
N004437,P001,2374,0.109
N004445,P140,38,0.023
N004453,P005,1858,0.069
N004461,P240,2665,0.067
N004469,P122,1782,0.071
N004477,P094,1208,0.04
N004485,P240,566,0.027
N004493,P064,631,0.029
N004501,P238,1534,0.052
N004509,P073,2781,0.101
N004517,P044,288,0.034
N004525,P002,2189,0.096
N004533,P094,2172,0.071
N004541,P044,359,0.031
N004549,P003,1446,0.049
N004557,P122,1084,0.038
N004565,P002,2206,0.09
N004573,P090,130,0.025
N004581,P052,1124,0.03
N004589,P094,1964,0.049
N004597,P003,1396,0.064
N004605,P108,2045,0.058
N004613,P221,76,0.02
N004621,P003,1432,0.039
N004629,P003,1455,0.06
N004637,P097,2762,0.078
N004645,P240,2960,0.086
N004653,P240,1952,0.082
N004661,P094,2784,0.073
N004669,P020,1283,0.045
N004677,P215,579,0.027
N004685,P140,145,0.015
N004693,P006,1688,0.062
N004701,P001,2006,0.07
N004709,P230,1502,0.053
N004717,P004,724,0.045
N004725,P094,1011,0.035
N004733,P003,1465,0.065
N004741,P227,2055,0.051
N004749,P181,1088,0.049
N004757,P054,1144,0.034
N004765,P094,1982,0.045
N004773,P077,2171,0.056
N004781,P011,1911,0.046
N004789,P057,3031,0.091
N004797,P044,1620,0.065
N004805,P005,2197,0.09
N004813,P094,1922,0.063
N004821,P094,279,0.022
N004829,P094,670,0.025
N004837,P141,1008,0.03
N004845,P001,2115,0.082
N004853,P094,2478,0.065
N004861,P002,2166,0.099
N004869,P112,1530,0.057
N004877,P143,1205,0.045
N004885,P240,1163,0.038
N004893,P227,1125,0.039
N004901,P240,1904,0.057
N004909,P005,2192,0.083
N004917,P094,426,0.034
N004925,P073,1990,0.057
N004933,P005,1010,0.048
N004941,P020,1469,0.042
N004949,P203,539,0.028
N004957,P094,1759,0.05
N004965,P094,1962,0.065
N004973,P257,1315,0.056
N004981,P013,82,0.019
N004989,P088,2189,0.066
N004997,P005,1757,0.076
N005005,P002,2253,0.111
N005013,P001,2198,0.094
N005021,P004,1426,0.069
N005029,P077,808,0.031
N005037,P087,299,0.022
N005045,P242,1411,0.048
N005053,P003,914,0.043
N005061,P060,2744,0.067
N005069,P094,2280,0.064
N005077,P004,1476,0.067
N005085,P020,2510,0.066
N005093,P162,1383,0.059
N005101,P086,2169,0.053
N005109,P105,1072,0.043
N005117,P111,2448,0.07
N005125,P020,628,0.039
N005133,P225,964,0.034
N005141,P137,864,0.027
N005149,P094,855,0.03
N005157,P124,1713,0.058
N005165,P094,2674,0.066
N005173,P014,2681,0.081
N005181,P005,2403,0.131
N005189,P094,1870,0.061
N005197,P044,1143,0.043
N005205,P229,1066,0.031
N005213,P111,799,0.03
N005221,P004,1533,0.053
N005229,P020,666,0.038
N005237,P094,1271,0.031
N005245,P005,1995,0.096
N005253,P020,2218,0.062
N005261,P044,2111,0.06
N005269,P006,770,0.044
N005277,P246,1345,0.036
N005285,P094,2429,0.087
N005293,P013,164,0.028
N005301,P001,2169,0.083
N005309,P002,2059,0.098
N005317,P031,205,0.027
N005325,P004,1767,0.061
N005333,P195,2043,0.051
N005341,P106,1478,0.055
N005349,P250,396,0.025
N005357,P094,1011,0.033
N005365,P106,1135,0.038
N005373,P240,2317,0.074
N005381,P005,2215,0.104
N005389,P041,2083,0.06
N005397,P001,2221,0.095
N005405,P120,276,0.029
N005413,P001,2155,0.08
N005421,P109,270,0.028
N005429,P006,1750,0.062
N005437,P073,989,0.036
N005445,P003,618,0.037
N005453,P207,2844,0.072
N005461,P245,85,0.028
N005469,P094,2107,0.048
N005477,P155,1254,0.038
N005485,P001,1808,0.075
N005493,P004,1722,0.077
N005501,P093,2072,0.051
N005509,P094,997,0.039
N005517,P004,522,0.03
N005525,P002,2261,0.101
N005533,P003,1802,0.088
N005541,P140,172,0.02
N005549,P001,2507,0.116
N005557,P044,1887,0.05
N005565,P094,386,0.026
N005573,P208,1973,0.041
N005581,P001,2212,0.091
N005589,P005,1895,0.084
N005597,P001,2109,0.07
N005605,P044,499,0.036
N005613,P006,1306,0.058
N005621,P228,2521,0.065
N005629,P005,2181,0.12
N005637,P073,2282,0.075
N005645,P240,2509,0.072
N005653,P094,985,0.045
N005661,P180,890,0.029
N005669,P003,1302,0.055
N005677,P195,430,0.029
N005685,P123,46,0.011
N005693,P001,2241,0.087
N005701,P183,1050,0.041
N005709,P002,2127,0.077
N005717,P004,985,0.054
N005725,P005,2116,0.087
N005733,P002,2053,0.093
N005741,P094,3348,0.101
N005749,P006,1665,0.079
N005757,P207,2821,0.094
N005765,P189,1412,0.05
N005773,P198,1141,0.043
N005781,P139,799,0.03
N005789,P002,2126,0.073
N005797,P020,1045,0.044
N005805,P001,2172,0.289
N005813,P115,734,0.049
N005821,P004,1132,0.153
N005829,P034,1638,0.123
N005837,P003,1134,0.071
N005845,P202,385,0.053
N005853,P244,104,0.019
N005861,P003,1240,0.063
N005869,P006,840,0.051
N005877,P005,2149,0.122
N005885,P238,2341,0.088
N005893,P002,2260,0.101
N005901,P154,528,0.036
N005909,P002,2187,0.075
N005917,P057,2057,0.081
N005925,P044,2109,0.07
N005933,P238,1613,0.056
N005941,P002,1982,0.075
N005949,P094,524,0.034
N005957,P004,1186,0.052
N005965,P006,1684,0.074
N005973,P003,1070,0.049
N005981,P069,1791,0.051
N005989,P005,2268,0.108
N005997,P003,1540,0.066
N006005,P020,1416,0.057
N006013,P179,2932,0.081
N006021,P094,1362,0.052
N006029,P232,2262,0.058
N006037,P001,2272,0.13
N006045,P002,2226,0.102
N006053,P004,1303,0.069
N006061,P237,1439,0.051
N006069,P094,1525,0.066
N006077,P002,2171,0.096
N006085,P189,1160,0.049
N006093,P010,1411,0.04
N006101,P229,1114,0.041
N006109,P030,1104,0.033
N006117,P094,2367,0.066
N006125,P180,290,0.026
N006133,P001,2501,0.096
N006141,P148,1762,0.073
N006149,P094,189,0.023
N006157,P046,142,0.014
N006165,P003,1313,0.053
N006173,P056,1384,0.05
N006181,P004,711,0.039
N006189,P003,1658,0.055
N006197,P020,1088,0.033
N006205,P020,2170,0.049
N006213,P005,2234,0.103
N006221,P156,891,0.038
N006229,P094,2473,0.071
N006237,P003,1533,0.068
N006245,P094,1279,0.035
N006253,P200,2085,0.053
N006261,P094,2392,0.084
N006269,P006,888,0.05
N006277,P229,2229,0.068
N006285,P056,2311,0.062
N006293,P002,2176,0.092
N006301,P003,1398,0.068
N006309,P002,2293,0.102
N006317,P235,812,0.036
N006325,P073,1890,0.056
N006333,P006,1294,0.062
N006341,P200,606,0.026
N006349,P001,1351,0.055
N006357,P005,2124,0.1
N006365,P167,2000,0.056
N006373,P204,390,0.029
N006381,P038,1417,0.046
N006389,P020,1381,0.048
N006397,P003,1541,0.061
N006405,P006,1528,0.059
N006413,P215,2416,0.072
N006421,P002,2366,0.129
N006429,P081,1248,0.055
N006437,P004,1703,0.076
N006445,P094,663,0.039
N006453,P136,1194,0.041
N006461,P003,1525,0.055
N006469,P005,2329,0.081
N006477,P005,1843,0.086
N006485,P073,2778,0.068
N006493,P240,876,0.046
N006501,P001,2116,0.085
N006509,P121,3010,0.091
N006517,P257,2035,0.071
N006525,P025,1946,0.05
N006533,P240,1521,0.041
N006541,P003,1402,0.073
N006549,P002,1534,0.059
N006557,P003,720,0.039
N006565,P227,935,0.036
N006573,P047,341,0.021
N006581,P207,2013,0.04
N006589,P146,461,0.025
N006597,P044,123,0.011
N006605,P139,2644,0.057
N006613,P006,1667,0.068
N006621,P189,2042,0.052
N006629,P094,2671,0.093
N006637,P003,1767,0.088
N006645,P002,2337,0.097
N006653,P002,2121,0.088
N006661,P240,1473,0.06
N006669,P222,2122,0.052
N006677,P006,947,0.042
N006685,P002,2124,0.073
N006693,P240,333,0.028
N006701,P086,2657,0.063
N006709,P094,487,0.035
N006717,P094,2471,0.055
N006725,P076,1434,0.054
N006733,P020,1531,0.047
N006741,P077,217,0.026
N006749,P181,332,0.019
N006757,P094,2703,0.055
N006765,P240,909,0.041
N006773,P002,2242,0.098
N006781,P003,866,0.051
N006789,P024,1261,0.039
N006797,P100,1214,0.046
N006805,P003,1422,0.043
N006813,P129,735,0.036
N006821,P094,2547,0.055
N006829,P006,1309,0.065
N006837,P141,2142,0.064
N006845,P215,1159,0.043
N006853,P088,1057,0.037
N006861,P003,1521,0.063
N006869,P002,2152,0.088
N006877,P004,1390,0.049
N006885,P001,2279,0.118
N006893,P003,1837,0.093
N006901,P217,195,0.023
N006909,P094,1740,0.042
N006917,P020,561,0.033
N006925,P005,2113,0.077
N006933,P187,201,0.024
N006941,P020,552,0.02
N006949,P190,3000,0.069
N006957,P105,2562,0.09
N006965,P094,2119,0.056
N006973,P004,1622,0.071
N006981,P068,3045,0.074
N006989,P002,2242,0.115
N006997,P214,826,0.039
N007005,P004,1540,0.049
N007013,P004,1514,0.059
N007021,P003,1144,0.046
N007029,P114,1903,0.039
N007037,P094,263,0.025
N007045,P227,406,0.018
N007053,P006,754,0.027
N007061,P003,1132,0.038
N007069,P020,748,0.027
N007077,P207,833,0.029
N007085,P003,800,0.037
N007093,P119,387,0.019
N007101,P006,1896,0.077
N007109,P002,2293,0.091
N007117,P002,1923,0.063
N007125,P004,1278,0.064
N007133,P181,522,0.031
N007141,P091,719,0.022
N007149,P005,2355,0.127
N007157,P170,1623,0.057
N007165,P002,2120,0.084
N007173,P046,119,0.024
N007181,P089,1213,0.036
N007189,P014,1596,0.054
N007197,P001,2396,0.129
N007205,P061,1397,0.062
N007213,P003,1533,0.06
N007221,P253,1605,0.054
N007229,P001,2219,0.099
N007237,P227,1645,0.066
N007245,P006,1846,0.08
N007253,P215,1053,0.04
N007261,P232,1943,0.046
N007269,P094,756,0.036
N007277,P002,2203,0.087
N007285,P110,1373,0.055
N007293,P075,512,0.026
N007301,P051,566,0.02
N007309,P003,1038,0.039
N007317,P094,223,0.019
N007325,P153,1960,0.041
N007333,P199,600,0.032
N007341,P013,149,0.015
N007349,P181,2536,0.062
N007357,P231,2382,0.072
N007365,P001,2313,0.101
N007373,P094,915,0.044
N007381,P004,1436,0.059
N007389,P004,1302,0.041
N007397,P096,556,0.027
N007405,P020,2718,0.063
N007413,P011,22,0.024
N007421,P094,675,0.024
N007429,P001,2205,0.078
N007437,P166,1212,0.047
N007445,P208,2739,0.069
N007453,P168,206,0.031
N007461,P003,1092,0.04
N007469,P088,2091,0.051
N007477,P001,1862,0.079
N007485,P006,1721,0.07
N007493,P105,458,0.026
N007501,P138,712,0.022
N007509,P002,1981,0.057
N007517,P240,2189,0.059
N007525,P202,181,0.021
N007533,P005,2535,0.108
N007541,P020,1587,0.054
N007549,P240,1665,0.062
N007557,P003,1546,0.06
N007565,P164,1014,0.036
N007573,P088,2882,0.08
N007581,P006,1183,0.065
N007589,P043,699,0.027
N007597,P001,1399,0.044
N007605,P001,2167,0.082
N007613,P077,1975,0.055
N007621,P113,2029,0.065
N007629,P044,215,0.021
N007637,P005,2218,0.092
N007645,P030,2931,0.098
N007653,P058,3026,0.1
N007661,P141,2963,0.109
N007669,P094,523,0.035
N007677,P231,1867,0.047
N007685,P056,2034,0.066
N007693,P004,1035,0.05
N007701,P005,2288,0.095
N007709,P094,1519,0.055
N007717,P002,2272,0.097
N007725,P179,1270,0.045
N007733,P001,2210,0.079
N007741,P029,876,0.041
N007749,P003,1678,0.068
N007757,P094,1751,0.062
N007765,P215,534,0.029
N007773,P097,2172,0.05
N007781,P001,2257,0.101
N007789,P020,685,0.042
N007797,P006,1741,0.073
N007805,P020,2600,0.069
N007813,P001,2071,0.102
N007821,P142,122,0.025
N007829,P002,2110,0.077
N007837,P020,790,0.038
N007845,P006,1637,0.063
N007853,P094,1881,0.066
N007861,P002,2407,0.122
N007869,P238,2882,0.089
N007877,P180,778,0.04
N007885,P139,1145,0.028
N007893,P160,2016,0.044
N007901,P004,1343,0.061
N007909,P001,1410,0.061
N007917,P241,778,0.036
N007925,P001,2186,0.094
N007933,P003,1406,0.064
N007941,P006,1706,0.064
N007949,P059,955,0.037
N007957,P240,2180,0.052
N007965,P002,2183,0.109
N007973,P210,1181,0.045
N007981,P027,1577,0.052
N007989,P049,2155,0.053
N007997,P197,2051,0.056
N008005,P001,2034,0.079
N008013,P122,1875,0.065
N008021,P020,1178,0.046
N008029,P094,1848,0.162
N008037,P129,1343,0.157
N008045,P002,2030,0.117
N008053,P216,1921,0.101
N008061,P228,1122,0.054
N008069,P202,2308,0.069
N008077,P250,1461,0.061
N008085,P003,1410,0.079
N008093,P055,1916,0.046
N008101,P026,1012,0.039
N008109,P219,839,0.033
N008117,P189,2384,0.057
N008125,P003,1178,0.062
N008133,P136,1494,0.048
N008141,P228,2314,0.065
N008149,P006,1547,0.068
N008157,P004,926,0.046
N008165,P241,1410,0.037
N008173,P207,192,0.02
N008181,P189,1396,0.041
N008189,P159,1948,0.049
N008197,P225,855,0.038
N008205,P004,1016,0.037
N008213,P215,431,0.02
N008221,P001,1598,0.065
N008229,P207,1168,0.043
N008237,P227,1300,0.039
N008245,P003,1197,0.055
N008253,P103,2268,0.068
N008261,P001,2209,0.075
N008269,P001,2428,0.127
N008277,P183,1233,0.043
N008285,P002,2265,0.086
N008293,P004,744,0.039
N008301,P179,3151,0.094
N008309,P094,2615,0.071
N008317,P094,2795,0.078
N008325,P257,2314,0.072
N008333,P063,433,0.029
N008341,P240,1097,0.025
N008349,P001,2202,0.088
N008357,P070,790,0.037
N008365,P094,1081,0.035
N008373,P239,836,0.03
N008381,P004,728,0.034
N008389,P221,85,0.015
N008397,P004,783,0.033
N008405,P006,1763,0.067
N008413,P041,2283,0.061
N008421,P040,2680,0.074
N008429,P003,1544,0.066
N008437,P094,993,0.034
N008445,P004,1432,0.047
N008453,P002,1900,0.073
N008461,P020,900,0.036
N008469,P257,1108,0.028
N008477,P216,1652,0.06
N008485,P159,1532,0.05
N008493,P240,721,0.028
N008501,P094,2144,0.046
N008509,P201,851,0.034
N008517,P004,1251,0.053
N008525,P212,952,0.036
N008533,P094,2044,0.056
N008541,P005,2292,0.113
N008549,P020,1564,0.048
N008557,P136,431,0.028
N008565,P006,1207,0.048
N008573,P191,345,0.026
N008581,P094,1593,0.045
N008589,P006,1624,0.057
N008597,P240,1049,0.035
N008605,P094,1165,0.035
N008613,P229,1194,0.036
N008621,P002,2052,0.075
N008629,P232,758,0.039
N008637,P240,2222,0.052
N008645,P001,2205,0.115
N008653,P094,1558,0.05
N008661,P008,87,0.019
N008669,P020,325,0.019
N008677,P174,737,0.027
N008685,P004,1549,0.062
N008693,P094,1020,0.036
N008701,P020,1279,0.039
N008709,P175,417,0.027
N008717,P004,874,0.041
N008725,P181,789,0.033
N008733,P025,123,0.016
N008741,P001,2282,0.102
N008749,P001,2141,0.088
N008757,P001,2258,0.102
N008765,P240,1680,0.059
N008773,P020,261,0.022
N008781,P026,2897,0.078
N008789,P167,1155,0.041
N008797,P139,995,0.038
N008805,P242,2220,0.056
N008813,P002,2210,0.095
N008821,P105,2019,0.053
N008829,P004,1057,0.048
N008837,P002,2040,0.085
N008845,P230,2174,0.062
N008853,P213,2897,0.081
N008861,P199,2678,0.073
N008869,P097,1148,0.056
N008877,P002,2260,0.096
N008885,P228,2361,0.063
N008893,P003,1165,0.062
N008901,P004,1238,0.053
N008909,P006,1492,0.06
N008917,P052,1779,0.051
N008925,P088,788,0.035
N008933,P215,2479,0.065
N008941,P044,2064,0.061
N008949,P253,1431,0.05
N008957,P223,1596,0.046
N008965,P006,1576,0.062
N008973,P005,2257,0.11
N008981,P093,1184,0.049
N008989,P005,2323,0.09
N008997,P094,427,0.032
N009005,P094,1630,0.045
N009013,P240,2366,0.06
N009021,P005,2266,0.103
N009029,P258,989,0.046
N009037,P004,1476,0.054
N009045,P061,1704,0.059
N009053,P094,1627,0.057
N009061,P026,1315,0.037
N009069,P005,2730,0.137
N009077,P005,1995,0.068
N009085,P001,2289,0.127
N009093,P001,2744,0.146
N009101,P007,680,0.048
N009109,P006,521,0.026
N009117,P141,2629,0.064
N009125,P221,141,0.026
N009133,P003,1282,0.05
N009141,P129,1258,0.044
N009149,P094,775,0.034
N009157,P020,2090,0.044
N009165,P200,2258,0.064
N009173,P006,1251,0.057
N009181,P221,100,0.018
N009189,P006,1383,0.053
N009197,P002,2408,0.117
N009205,P005,2353,0.136
N009213,P004,1682,0.077
N009221,P005,2156,0.067
N009229,P094,2403,0.067
N009237,P006,510,0.036
N009245,P253,875,0.03
N009253,P227,1832,0.053
N009261,P094,1963,0.048
N009269,P094,573,0.027
N009277,P044,1752,0.049
N009285,P004,1588,0.061
N009293,P240,983,0.035
N009301,P020,1996,0.044
N009309,P094,1704,0.056
N009317,P005,2089,0.083
N009325,P146,1562,0.052
N009333,P005,2333,0.095
N009341,P096,367,0.03
N009349,P136,1479,0.032
N009357,P194,725,0.036
N009365,P002,2212,0.085
N009373,P105,1786,0.053
N009381,P240,2313,0.081
N009389,P189,325,0.037
N009397,P004,1565,0.048
N009405,P005,2333,0.1
N009413,P047,455,0.033
N009421,P004,1550,0.055
N009429,P002,2261,0.103
N009437,P004,986,0.046
N009445,P001,2428,0.083
N009453,P006,1222,0.064
N009461,P002,2371,0.118
N009469,P002,2340,0.107
N009477,P006,1249,0.059
N009485,P004,866,0.041
N009493,P002,2289,0.101
N009501,P094,2095,0.06
N009509,P146,1395,0.051
N009517,P081,1164,0.039
N009525,P094,1498,0.044
N009533,P094,1877,0.048
N009541,P020,1986,0.048
N009549,P006,1026,0.044
N009557,P005,2435,0.127
N009565,P165,1409,0.047
N009573,P002,2333,0.085
N009581,P146,166,0.026
N009589,P001,2101,0.075
N009597,P073,690,0.043
N009605,P006,1203,0.038
N009613,P241,1224,0.044
N009621,P094,2248,0.054
N009629,P092,511,0.028
N009637,P056,1337,0.04
N009645,P242,3465,0.098
N009653,P232,183,0.035
N009661,P094,2013,0.042
N009669,P094,167,0.025
N009677,P094,2913,0.074
N009685,P136,2993,0.098
N009693,P026,2355,0.105
N009701,P196,2000,0.058
N009709,P050,3343,0.16
N009717,P002,1790,0.106
N009725,P094,821,0.042
N009733,P069,2716,0.063
N009741,P003,1520,0.058
N009749,P001,2254,0.09
N009757,P001,2160,0.086
N009765,P001,2141,0.088
N009773,P002,2252,0.113
N009781,P240,492,0.032
N009789,P001,2201,0.078
N009797,P216,1979,0.064
N009805,P240,434,0.025
N009813,P001,2244,0.07
N009821,P044,524,0.033
N009829,P001,2314,0.123
N009837,P013,218,0.03
N009845,P001,2260,0.108
N009853,P003,1077,0.057
N009861,P170,1516,0.05
N009869,P057,551,0.031
N009877,P006,1823,0.076
N009885,P001,1570,0.062
N009893,P094,1142,0.038
N009901,P006,565,0.029
N009909,P106,1306,0.031
N009917,P097,1994,0.065
N009925,P094,1095,0.04
N009933,P189,1202,0.038
N009941,P153,82,0.018
N009949,P006,887,0.033
N009957,P002,1665,0.064
N009965,P255,620,0.034
N009973,P016,125,0.013
N009981,P002,2182,0.099
N009989,P094,2209,0.06
N009997,P041,1026,0.041
N010005,P117,119,0.015
N010013,P228,154,0.011
N010021,P020,3193,0.071
N010029,P179,1993,0.064
N010037,P001,2259,0.095
N010045,P227,1866,0.068
N010053,P004,981,0.043
N010061,P006,1319,0.04
N010069,P003,1319,0.058
N010077,P006,820,0.039
N010085,P006,1019,0.034
N010093,P005,2067,0.1
N010101,P001,2281,0.11
N010109,P003,1608,0.072
N010117,P054,2375,0.057
N010125,P094,1207,0.042
N010133,P187,1123,0.033
N010141,P002,2292,0.155
N010149,P094,1391,0.069
N010157,P091,2484,0.093
N010165,P003,1564,0.075
N010173,P227,268,0.025
N010181,P001,2318,0.124
N010189,P240,2460,0.087
N010197,P102,2498,0.072
N010205,P240,614,0.046
N010213,P006,803,0.036
N010221,P003,1697,0.074
N010229,P044,2362,0.062
N010237,P005,1936,0.073
N010245,P005,2028,0.114
N010253,P005,2440,0.143
N010261,P001,2028,0.204
N010269,P013,1912,0.147
N010277,P139,2988,0.125
N010285,P069,1335,0.067
N010293,P135,1356,0.043
N010301,P005,2391,0.121
N010309,P004,1410,0.094
N010317,P021,1225,0.057
N010325,P094,740,0.039
N010333,P013,30,0.016
N010341,P196,525,0.019
N010349,P086,508,0.024
N010357,P001,2041,0.064
N010365,P094,2010,0.05
N010373,P240,2661,0.094
N010381,P044,1694,0.061
N010389,P240,852,0.037
N010397,P094,2724,0.07
N010405,P006,993,0.055
N010413,P001,2484,0.108
N010421,P002,1990,0.08
N010429,P077,984,0.044
N010437,P005,2099,0.092
N010445,P031,252,0.029
N010453,P240,2042,0.044
N010461,P005,2261,0.114
N010469,P044,2137,0.064
N010477,P028,1259,0.055
N010485,P004,1602,0.072
N010493,P031,1139,0.045
N010501,P020,1731,0.046
N010509,P006,844,0.053
N010517,P094,1376,0.034
N010525,P094,2299,0.061
N010533,P094,3044,0.085
N010541,P161,1190,0.056
N010549,P136,758,0.036
N010557,P181,2091,0.054
N010565,P094,2614,0.079
N010573,P241,1333,0.049
N010581,P002,2348,0.106
N010589,P044,330,0.034
N010597,P001,2416,0.117
N010605,P247,1792,0.069
N010613,P031,1891,0.057
N010621,P094,1243,0.053
N010629,P006,958,0.045
N010637,P006,1870,0.076
N010645,P117,182,0.027
N010653,P094,2492,0.069
N010661,P004,1400,0.056
N010669,P094,618,0.033
N010677,P146,2340,0.075
N010685,P013,169,0.028
N010693,P003,1561,0.063
N010701,P189,1531,0.052
N010709,P060,1985,0.049
N010717,P004,851,0.046
N010725,P001,2267,0.102
N010733,P244,227,0.029
N010741,P094,1019,0.033
N010749,P094,1364,0.046
N010757,P020,2187,0.051
N010765,P021,2028,0.068
N010773,P240,2293,0.054
N010781,P181,519,0.034
N010789,P161,377,0.022
N010797,P013,148,0.015
N010805,P094,672,0.019
N010813,P001,2302,0.098
N010821,P003,1945,0.083
N010829,P006,1504,0.059
N010837,P006,1078,0.052
N010845,P005,2125,0.081
N010853,P006,1075,0.052
N010861,P236,1689,0.048
N010869,P200,1519,0.055
N010877,P238,3456,0.109
N010885,P003,1385,0.067
N010893,P153,212,0.022
N010901,P106,989,0.028
N010909,P003,1366,0.056
N010917,P002,2067,0.088
N010925,P181,462,0.037
N010933,P061,1402,0.04
N010941,P026,2884,0.08
N010949,P215,444,0.039
N010957,P240,2226,0.05
N010965,P004,1244,0.062
N010973,P198,2341,0.058
N010981,P094,1640,0.066
N010989,P022,46,0.019
N010997,P015,143,0.01
N011005,P112,2643,0.082
N011013,P189,1387,0.061
N011021,P004,1098,0.045
N011029,P001,2151,0.089
N011037,P048,3124,0.11
N011045,P189,1304,0.05
N011053,P006,1223,0.058
N011061,P020,1412,0.051
N011069,P240,2159,0.051
N011077,P028,1530,0.05
N011085,P096,1465,0.05
N011093,P123,152,0.021
N011101,P082,2833,0.064
N011109,P001,2332,0.135
N011117,P044,2531,0.078
N011125,P002,2331,0.122
N011133,P004,1556,0.084
N011141,P094,784,0.036
N011149,P147,2669,0.066
N011157,P002,2253,0.106
N011165,P005,2321,0.137
N011173,P020,2323,0.063
N011181,P025,76,0.026
N011189,P094,783,0.029
N011197,P020,2468,0.068
N011205,P229,1563,0.056
N011213,P020,152,0.021
N011221,P116,505,0.017
N011229,P094,378,0.019
N011237,P004,1536,0.051
N011245,P002,1713,0.072
N011253,P001,2170,0.088
N011261,P181,2378,0.092
N011269,P001,1551,0.07
N011277,P257,2392,0.073
N011285,P003,1597,0.077
N011293,P001,2619,0.133
N011301,P020,1208,0.095
N011309,P096,217,0.023
N011317,P167,1473,0.04
N011325,P232,955,0.038
N011333,P005,2166,0.086
N011341,P223,2185,0.059
N011349,P005,2012,0.104
N011357,P005,2078,0.093
N011365,P004,765,0.046
N011373,P162,924,0.035
N011381,P217,777,0.032
N011389,P094,2622,0.059
N011397,P249,1217,0.055
N011405,P081,1558,0.043
N011413,P006,1760,0.078
N011421,P003,1025,0.046
N011429,P214,2088,0.057
N011437,P053,2235,0.074
N011445,P094,1016,0.047
N011453,P204,1654,0.051
N011461,P002,2258,0.103
N011469,P005,2332,0.127
N011477,P087,1156,0.044
N011485,P003,830,0.043
N011493,P020,1930,0.04
N011501,P003,970,0.04
N011509,P005,2554,0.102
N011517,P004,2084,0.101
N011525,P214,1286,0.045
N011533,P006,876,0.038
N011541,P094,2396,0.069
N011549,P020,2906,0.089
N011557,P181,2055,0.059
N011565,P006,1681,0.076
N011573,P231,1066,0.044
N011581,P058,2651,0.065
N011589,P136,2480,0.068
N011597,P250,2069,0.072
N011605,P219,321,0.029
N011613,P005,2115,0.094
N011621,P151,1967,0.052
N011629,P002,2432,0.121
N011637,P002,2277,0.112
N011645,P160,1086,0.049
N011653,P004,2128,0.103
N011661,P094,494,0.035
N011669,P028,844,0.026
N011677,P094,1972,0.045
N011685,P003,1171,0.056
N011693,P094,1796,0.05
N011701,P239,2231,0.054
N011709,P208,1112,0.049
N011717,P028,2662,0.094
N011725,P013,61,0.027
N011733,P255,1625,0.044
N011741,P141,2207,0.063
N011749,P002,2287,0.102
N011757,P003,1674,0.076
N011765,P240,1170,0.042
N011773,P020,2676,0.066
N011781,P020,1708,0.063
N011789,P005,2131,0.083
N011797,P094,494,0.035
N011805,P094,1978,0.042
N011813,P221,199,0.024
N011821,P067,262,0.013
N011829,P020,1252,0.037
N011837,P057,1221,0.039
N011845,P001,2290,0.115
N011853,P001,2172,0.087
N011861,P116,1201,0.045
N011869,P002,1029,0.046
N011877,P005,2144,0.073
N011885,P006,1865,0.077
N011893,P124,419,0.027
N011901,P006,1626,0.061
N011909,P240,2789,0.073
N011917,P044,1256,0.046
N011925,P001,2186,0.075
N011933,P004,1751,0.078
N011941,P215,913,0.035
N011949,P005,2156,0.071
N011957,P027,1261,0.048
N011965,P111,2352,0.095
N011973,P240,1847,0.054
N011981,P217,650,0.032
N011989,P003,1341,0.054
N011997,P136,148,0.022
N000006,P069,2067,0.043
N000014,P094,1760,0.065
N000022,P235,1181,0.041
N000030,P021,1324,0.039
N000038,P020,2676,0.068
N000046,P005,2126,0.095
N000054,P141,2391,0.086
N000062,P172,226,0.028
N000070,P002,2366,0.085
N000078,P153,79,0.026
N000086,P004,1677,0.06
N000094,P069,1980,0.055
N000102,P094,398,0.029
N000110,P239,459,0.023
N000118,P004,1401,0.051
N000126,P221,172,0.02
N000134,P020,2210,0.049
N000142,P240,1134,0.035
N000150,P232,3370,0.207
N000158,P221,202,0.04
N000166,P174,1363,0.039
N000174,P098,2593,0.065
N000182,P006,1196,0.072
N000190,P207,1568,0.054
N000198,P003,1425,0.068
N000206,P215,1314,0.039
N000214,P240,2173,0.065
N000222,P163,1189,0.04
N000230,P002,2185,0.095
N000238,P094,482,0.035
N000246,P232,1287,0.034
N000254,P001,2542,0.09
N000262,P006,701,0.042
N000270,P006,1798,0.071
N000278,P073,1823,0.062
N000286,P002,2241,0.114
N000294,P002,1204,0.057
N000302,P001,2393,0.089
N000310,P088,2544,0.076
N000318,P002,2164,0.102
N000326,P006,1313,0.068
N000334,P167,1220,0.039
N000342,P004,1059,0.038
N000350,P096,468,0.024
N000358,P222,2003,0.041
N000366,P005,2186,0.44
N000374,P100,757,0.082
N000382,P003,1267,0.086
N000390,P146,1955,0.082
N000398,P005,2146,0.1
N000406,P094,1065,0.066
N000414,P215,1766,0.094
N000422,P001,2212,0.104
N000430,P001,2006,0.075
N000438,P075,1591,0.053
N000446,P004,568,0.038
N000454,P217,1047,0.027
N000462,P233,181,0.02
N000470,P024,812,0.03
N000478,P240,251,0.023
N000486,P082,974,0.036
N000494,P006,1737,0.064
N000502,P004,1493,0.065
N000510,P008,264,0.025
N000518,P005,2073,0.066
N000526,P006,1439,0.058
N000534,P002,2275,0.095
N000542,P094,478,0.036
N000550,P002,2083,0.075
N000558,P031,1816,0.068
N000566,P005,2279,0.112
N000574,P003,1420,0.065
N000582,P005,2163,0.085
N000590,P180,369,0.031
N000598,P005,2324,0.123
N000606,P003,1310,0.067
N000614,P002,2038,0.067
N000622,P044,1180,0.134
N000630,P001,1746,0.099
N000638,P240,595,0.036
N000646,P131,713,0.027
N000654,P004,1844,0.09
N000662,P006,1886,0.091
N000670,P094,2956,0.099
N000678,P020,1379,0.064
N000686,P181,1707,0.06
N000694,P199,411,0.027
N000702,P004,1434,0.062
N000710,P060,1278,0.053
N000718,P001,1982,0.1
N000726,P094,1159,0.048
N000734,P002,2267,0.117
N000742,P018,614,0.041
N000750,P002,1286,0.048
N000758,P005,2138,0.083
N000766,P013,381,0.03
N000774,P094,2671,0.071
N000782,P003,1636,0.079
N000790,P195,2279,0.056
N000798,P004,1475,0.061
N000806,P240,1620,0.057
N000814,P003,508,0.034
N000822,P001,2296,0.094
N000830,P229,2189,0.065
N000838,P001,1972,0.111
N000846,P094,547,0.038
N000854,P254,206,0.017
N000862,P152,2639,0.067
N000870,P225,364,0.036
N000878,P225,2561,0.082
N000886,P173,150,0.028
N000894,P006,672,0.027
N000902,P188,642,0.032
N000910,P001,2378,0.11
N000918,P088,1986,0.074
N000926,P001,2180,0.098
N000934,P006,1121,0.057
N000942,P091,185,0.018
N000950,P240,651,0.026
N000958,P200,2641,0.067
N000966,P005,975,0.053
N000974,P094,1616,0.053
N000982,P102,679,0.033
N000990,P003,1336,0.046
N000998,P241,2387,0.058
N001006,P046,196,0.028
N001014,P002,2537,0.118
N001022,P026,1075,0.048
N001030,P044,348,0.024
N001038,P003,659,0.032
N001046,P020,1916,0.04
N001054,P002,1295,0.057
N001062,P020,856,0.038
N001070,P006,1529,0.063
N001078,P004,1645,0.067
N001086,P005,2249,0.114
N001094,P217,510,0.032
N001102,P005,1943,0.071
N001110,P225,1046,0.041
N001118,P129,1309,0.045
N001126,P131,793,0.029
N001134,P003,1507,0.063
N001142,P107,63,0.018
N001150,P232,1990,0.039
N001158,P003,2044,0.116
N001166,P004,1486,0.059
N001174,P188,531,0.029
N001182,P241,1873,0.053
N001190,P192,2730,0.069
N001198,P006,1035,0.052
N001206,P006,1081,0.045
N001214,P002,1608,0.057
N001222,P005,2224,0.105
N001230,P098,685,0.04
N001238,P001,2244,0.095
N001246,P179,1193,0.042
N001254,P006,962,0.042
N001262,P007,621,0.034
N001270,P044,614,0.027
N001278,P094,2294,0.054
N001286,P003,792,0.042
N001294,P003,659,0.032
N001302,P005,2085,0.08
N001310,P005,2414,0.133
N001318,P020,1958,0.074
N001326,P002,1433,0.056
N001334,P006,948,0.041
N001342,P057,1658,0.044
N001350,P003,563,0.035
N001358,P094,1301,0.041
N001366,P189,950,0.038
N001374,P004,1280,0.056
N001382,P227,1247,0.043
N001390,P088,753,0.031
N001398,P046,1940,0.04
N001406,P002,2212,0.086
N001414,P094,145,0.028
N001422,P142,240,0.014
N001430,P246,2479,0.068
N001438,P094,814,0.045
N001446,P006,1303,0.057
N001454,P004,866,0.041
N001462,P044,2280,0.055
N001470,P094,350,0.029
N001478,P002,2125,0.077
N001486,P020,1617,0.102
N001494,P094,3163,0.122
N001502,P158,2511,0.099
N001510,P002,2113,0.093
N001518,P006,1602,0.072
N001526,P094,2348,0.059
N001534,P069,684,0.042
N001542,P027,1621,0.045
N001550,P013,114,0.021
N001558,P026,1809,0.054
N001566,P255,652,0.039
N001574,P175,1447,0.042
N001582,P094,2260,0.069
N001590,P001,2202,0.109
N001598,P094,651,0.079
N001606,P005,1776,0.085
N001614,P001,2230,0.106
N001622,P071,286,0.033
N001630,P020,2425,0.116
N001638,P136,2882,0.1
N001646,P094,1593,0.073
N001654,P096,1659,0.053
N001662,P215,1161,0.051
N001670,P003,1238,0.061
N001678,P003,1332,0.056
N001686,P094,896,0.04
N001694,P001,2295,0.104
N001702,P006,1172,0.065
N001710,P005,2153,0.08
N001718,P094,951,0.041
N001726,P016,54,0.015
N001734,P147,1129,0.023
N001742,P094,585,0.031
N001750,P227,1517,0.053
N001758,P053,334,0.03
N001766,P023,2375,0.068
N001774,P002,2227,0.114
N001782,P037,108,0.027
N001790,P189,1522,0.037
N001798,P004,1293,0.061
N001806,P044,728,0.03
N001814,P006,1190,0.054
N001822,P005,2264,0.108
N001830,P196,953,0.041
N001838,P094,159,0.02
N001846,P006,1003,0.042
N001854,P001,2270,0.098
N001862,P003,1671,0.074
N001870,P020,2576,0.077
N001878,P003,1766,0.086
N001886,P145,77,0.02
N001894,P232,722,0.029
N001902,P004,1140,0.185
N001910,P094,2397,0.066
N001918,P002,2424,0.144
N001926,P001,2214,0.111
N001934,P006,1265,0.055
N001942,P240,1418,0.048
N001950,P002,2328,0.304
N001958,P246,939,0.058
N001966,P094,1823,0.064
N001974,P152,2950,0.094
N001982,P094,2582,0.083
N001990,P096,411,0.04
N001998,P020,434,0.026
N002006,P240,1461,0.049
N002014,P116,1869,0.069
N002022,P047,2436,0.087
N002030,P006,1247,0.072
N002038,P006,1196,0.049
N002046,P094,1894,0.066
N002054,P241,373,0.031
N002062,P001,1567,0.057
N002070,P005,2212,0.109
N002078,P134,784,0.046
N002086,P004,1353,0.049
N002094,P005,2202,0.106
N002102,P020,1242,0.045
N002110,P006,1507,0.064
N002118,P239,2527,0.083
N002126,P028,1008,0.049
N002134,P002,1530,0.069
N002142,P229,610,0.036
N002150,P001,2266,0.108
N002158,P215,2808,0.154
N002166,P005,2325,0.134
N002174,P094,2216,0.073
N002182,P094,1670,0.057
N002190,P005,2202,0.09
N002198,P001,2206,0.113
N002206,P003,478,0.036
N002214,P001,2411,0.102
N002222,P004,1442,0.065
N002230,P021,955,0.037
N002238,P003,1538,0.069
N002246,P005,2520,0.128
N002254,P044,298,0.036
N002262,P004,1513,0.056
N002270,P005,2184,0.096
N002278,P200,2160,0.061
N002286,P004,1511,0.069
N002294,P094,901,0.039
N002302,P047,949,0.029
N002310,P227,1975,0.069
N002318,P094,1453,0.058
N002326,P002,2230,0.116
N002334,P003,1236,0.071
N002342,P158,1695,0.067
N002350,P241,2066,0.052
N002358,P158,2053,0.073
N002366,P094,264,0.209
N002374,P094,631,0.034
N002382,P104,923,0.054
N002390,P200,2182,0.068
N002398,P002,2122,0.099
N002406,P094,863,0.055
N002414,P001,2225,0.102
N002422,P020,2165,0.091
N002430,P106,1220,0.094
N002438,P020,2363,0.077
N002446,P006,1356,0.068
N002454,P094,1264,0.036
N002462,P011,672,0.031
N002470,P195,605,0.034
N002478,P013,114,0.015
N002486,P184,2713,0.06
N002494,P001,2243,0.115
N002502,P020,1472,0.063
N002510,P227,2193,0.066
N002518,P006,443,0.032
N002526,P240,636,0.031
N002534,P049,2264,0.058
N002542,P200,338,0.033
N002550,P004,1675,0.062
N002558,P044,2193,0.061
N002566,P017,930,0.04
N002574,P159,704,0.027
N002582,P006,1160,0.055
N002590,P215,2559,0.063
N002598,P095,1054,0.049
N002606,P050,1838,0.048
N002614,P003,1380,0.046
N002622,P225,1111,0.043
N002630,P073,1783,0.069
N002638,P225,1365,0.058
N002646,P001,2399,0.087
N002654,P047,2652,0.079
N002662,P044,672,0.043
N002670,P006,1372,0.062
N002678,P215,2668,0.074
N002686,P005,2377,0.166
N002694,P094,1764,0.063
N002702,P094,901,0.046
N002710,P240,679,0.032
N002718,P166,2330,0.056
N002726,P005,2175,0.097
N002734,P172,2453,0.071
N002742,P142,167,0.029
N002750,P184,937,0.028
N002758,P241,1003,0.039
N002766,P088,1768,0.046
N002774,P080,1080,0.043
N002782,P005,2239,0.115
N002790,P056,999,0.041
N002798,P178,2630,0.071
N002806,P004,730,0.05
N002814,P040,2206,0.052
N002822,P044,1810,0.059
N002830,P005,2164,0.098
N002838,P120,577,0.06
N002846,P088,987,0.036
N002854,P006,1584,0.102
N002862,P144,2626,0.109
N002870,P006,1690,0.085
N002878,P202,1894,0.073
N002886,P006,998,0.054
N002894,P257,346,0.026
N002902,P074,1089,0.037
N002910,P122,2136,0.071
N002918,P227,302,0.055
N002926,P094,2055,0.057
N002934,P094,2379,0.068
N002942,P007,328,0.036
N002950,P146,989,0.038
N002958,P189,1438,0.05
N002966,P006,1170,0.062
N002974,P005,2322,0.129
N002982,P094,862,0.067
N002990,P006,854,0.05
N002998,P056,2423,0.078
N003006,P020,2060,0.063
N003014,P003,792,0.045
N003022,P227,350,0.027
N003030,P235,2585,0.073
N003038,P013,56,0.029
N003046,P167,429,0.022
N003054,P197,1010,0.034
N003062,P216,1895,0.05
N003070,P200,2594,0.081
N003078,P129,1430,0.056
N003086,P004,769,0.047
N003094,P003,1388,0.062
N003102,P003,1202,0.058
N003110,P001,2165,0.097
N003118,P005,2184,0.111
N003126,P001,2020,0.086
N003134,P170,886,0.044
N003142,P167,864,0.031
N003150,P004,1709,0.078
N003158,P068,2123,0.054
N003166,P003,1696,0.08
N003174,P001,2321,0.133
N003182,P215,1308,0.049
N003190,P238,584,0.03
N003198,P094,2299,0.056
N003206,P001,2137,0.096
N003214,P006,1617,0.084
N003222,P005,2425,0.113
N003230,P094,829,0.047
N003238,P006,1399,0.063
N003246,P001,2465,0.128
N003254,P094,527,0.036
N003262,P246,1548,0.055
N003270,P005,2289,0.115
N003278,P006,1931,0.1
N003286,P006,1054,0.05
N003294,P003,1878,0.076
N003302,P002,2032,0.068
N003310,P184,229,0.028
N003318,P014,1226,0.039
N003326,P003,1027,0.051
N003334,P004,1346,0.064
N003342,P004,933,0.043
N003350,P221,165,0.018
N003358,P004,687,0.031
N003366,P094,1349,0.044
N003374,P094,1228,0.036
N003382,P002,1765,0.072
N003390,P159,462,0.027
N003398,P001,1626,0.066
N003406,P106,205,0.026
N003414,P006,1446,0.047
N003422,P001,2381,0.117
N003430,P044,1138,0.04
N003438,P167,1813,0.068
N003446,P094,200,0.024
N003454,P087,242,0.015
N003462,P195,1090,0.033
N003470,P004,876,0.043
N003478,P240,144,0.018
N003486,P001,2379,0.1
N003494,P209,219,0.031
N003502,P004,962,0.035
N003510,P094,1725,0.049
N003518,P089,2524,0.066
N003526,P064,393,0.034
N003534,P031,1373,0.04
N003542,P005,2142,0.085
N003550,P006,1574,0.071
N003558,P005,2200,0.087
N003566,P004,1088,0.061
N003574,P004,1563,0.059
N003582,P001,2347,0.085
N003590,P091,1381,0.056
N003598,P006,753,0.043
N003606,P096,1235,0.049
N003614,P227,2273,0.058
N003622,P004,1673,0.07
N003630,P109,92,0.019
N003638,P244,104,0.01
N003646,P068,2092,0.048
N003654,P202,1239,0.047
N003662,P008,108,0.018
N003670,P017,185,0.017
N003678,P044,415,0.018
N003686,P192,197,0.014
N003694,P004,1497,0.057
N003702,P240,2001,0.052
N003710,P001,2246,0.113
N003718,P072,566,0.037
N003726,P127,1606,0.049
N003734,P004,1254,0.058
N003742,P094,615,0.032
N003750,P177,509,0.02
N003758,P002,2198,0.098
N003766,P061,2121,0.058
N003774,P088,3099,0.092
N003782,P094,1804,0.066
N003790,P005,2422,0.11
N003798,P005,2213,0.095
N003806,P240,1860,0.062
N003814,P002,2331,0.097
N003822,P001,2223,0.111
N003830,P002,2285,0.114
N003838,P002,2168,0.079
N003846,P001,1440,0.067
N003854,P232,689,0.038
N003862,P005,2179,0.097
N003870,P241,3076,0.1
N003878,P241,287,0.035
N003886,P001,2128,0.075
N003894,P005,2324,0.115
N003902,P005,1924,0.067
N003910,P001,2143,0.092
N003918,P003,1656,0.08
N003926,P057,922,0.042
N003934,P094,682,0.03
N003942,P186,430,0.024
N003950,P003,955,0.04
N003958,P181,626,0.029
N003966,P017,2317,0.055
N003974,P225,1896,0.054
N003982,P005,357,0.03
N003990,P044,1389,0.04
N003998,P004,1159,0.052
N004006,P001,2218,0.09
N004014,P015,183,0.028
N004022,P001,2118,0.104
N004030,P064,445,0.03
N004038,P189,459,0.021
N004046,P208,1310,0.043
N004054,P004,1240,0.059
N004062,P256,1974,0.05
N004070,P041,1825,0.051
N004078,P006,1451,0.061
N004086,P172,1788,0.046
N004094,P015,71,0.018
N004102,P130,2702,0.059
N004110,P031,1879,0.074
N004118,P056,596,0.029
N004126,P094,1874,0.052
N004134,P232,325,0.027
N004142,P094,1745,0.055
N004150,P031,485,0.027
N004158,P104,2104,0.047
N004166,P043,1522,0.061
N004174,P135,750,0.035
N004182,P094,985,0.037
N004190,P006,1785,0.074
N004198,P005,2328,0.118
N004206,P035,438,0.033
N004214,P231,629,0.029
N004222,P004,1052,0.044
N004230,P004,1748,0.069
N004238,P231,2918,0.075
N004246,P228,866,0.041
N004254,P003,1536,0.06
N004262,P006,1321,0.044
N004270,P005,2046,0.072
N004278,P004,937,0.049
N004286,P094,1011,0.035
N004294,P088,2178,0.052
N004302,P094,979,0.043
N004310,P001,2220,0.074
N004318,P001,2122,0.102
N004326,P005,2186,0.105
N004334,P014,853,0.044
N004342,P094,2360,0.055
N004350,P146,1178,0.048
N004358,P091,2025,0.045
N004366,P001,1724,0.081
N004374,P207,1990,0.051
N004382,P001,1586,0.068
N004390,P004,1868,0.088
N004398,P002,2174,0.084
N004406,P257,1524,0.052
N004414,P004,1382,0.059
N004422,P088,1917,0.045
N004430,P001,2131,0.075
N004438,P256,868,0.038
N004446,P044,561,0.026
N004454,P044,459,0.021
N004462,P189,2641,0.075
N004470,P004,1034,0.054
N004478,P005,2231,0.102
N004486,P189,2403,0.08
N004494,P003,1521,0.056
N004502,P005,2117,0.095
N004510,P094,2282,0.085
N004518,P094,288,0.026
N004526,P094,2051,0.044
N004534,P001,2163,0.088
N004542,P042,347,0.035
N004550,P038,2674,0.063
N004558,P013,64,0.027
N004566,P147,1393,0.033
N004574,P181,2472,0.076
N004582,P005,2458,0.384
N004590,P228,532,0.073
N004598,P227,1942,0.054
N004606,P004,1018,0.056
N004614,P207,1287,0.046
N004622,P005,2275,0.11
N004630,P049,639,0.043
N004638,P094,1980,0.062
N004646,P094,2913,0.078
N004654,P006,837,0.054
N004662,P002,2224,0.09
N004670,P094,1563,0.052
N004678,P002,1589,0.065
N004686,P227,2100,0.057
N004694,P006,1840,0.083
N004702,P004,1652,0.07
N004710,P045,1450,0.045
N004718,P137,816,0.036
N004726,P240,1040,0.037
N004734,P094,1008,0.036
N004742,P068,2048,0.049
N004750,P021,1069,0.052
N004758,P001,2170,0.076
N004766,P136,2525,0.082
N004774,P001,2092,0.101
N004782,P217,1945,0.054
N004790,P003,1275,0.042
N004798,P094,596,0.029
N004806,P002,2200,0.08
N004814,P240,1077,0.05
N004822,P002,2469,0.211
N004830,P241,875,0.052
N004838,P236,2039,0.046
N004846,P020,1985,0.06
N004854,P069,2276,0.076
N004862,P006,1286,0.068
N004870,P101,2963,0.081
N004878,P255,1850,0.065
N004886,P050,1913,0.052
N004894,P094,1125,0.045
N004902,P001,2319,0.103
N004910,P087,305,0.033
N004918,P006,1612,0.063
N004926,P168,513,0.031
N004934,P170,733,0.029
N004942,P107,178,0.018
N004950,P006,785,0.033
N004958,P120,863,0.029
N004966,P004,1850,0.083
N004974,P091,1319,0.058
N004982,P005,2505,0.133
N004990,P116,2791,0.119
N004998,P216,752,0.041
N005006,P094,1664,0.045
N005014,P094,1173,0.041
N005022,P232,770,0.037
N005030,P216,285,0.02
N005038,P004,876,0.038
N005046,P071,2888,0.073
N005054,P146,2670,0.078
N005062,P006,1474,0.074
N005070,P167,244,0.024
N005078,P003,1162,0.042
N005086,P014,1774,0.206
N005094,P005,2267,0.118
N005102,P160,1994,0.066
N005110,P006,1447,0.066
N005118,P146,1943,0.049
N005126,P006,1628,0.069
N005134,P005,1440,0.061
N005142,P013,64,0.02
N005150,P003,1586,0.056
N005158,P069,1738,0.063
N005166,P094,2173,0.072
N005174,P044,2677,0.077
N005182,P003,1719,0.084
N005190,P001,2157,0.1
N005198,P002,2178,0.089
N005206,P094,293,0.028
N005214,P094,512,0.023
N005222,P002,1266,0.051
N005230,P211,573,0.031
N005238,P006,954,0.044
N005246,P004,1065,0.043
N005254,P044,1623,0.049
N005262,P065,2063,0.054
N005270,P213,1062,0.044
N005278,P020,1268,0.036
N005286,P044,2992,0.076
N005294,P004,729,0.048
N005302,P094,1152,0.028
N005310,P006,1679,0.069
N005318,P232,450,0.03
N005326,P064,2542,0.087
N005334,P122,1491,0.062
N005342,P020,1485,0.053
N005350,P215,307,0.026
N005358,P094,533,0.022
N005366,P040,1198,0.044
N005374,P193,2344,0.078
N005382,P161,1080,0.045
N005390,P100,307,0.024
N005398,P004,790,0.031
N005406,P003,1857,0.08
N005414,P003,940,0.047
N005422,P005,1940,0.089
N005430,P133,448,0.032
N005438,P068,1037,0.03
N005446,P004,1399,0.054
N005454,P221,202,0.022
N005462,P005,2195,0.088
N005470,P238,2030,0.058
N005478,P003,897,0.038
N005486,P003,717,0.042
N005494,P007,1051,0.036
N005502,P006,1355,0.056
N005510,P200,1035,0.039
N005518,P094,1150,0.037
N005526,P004,934,0.041
N005534,P004,870,0.043
N005542,P012,1984,0.044
N005550,P002,2401,0.116
N005558,P241,1023,0.042
N005566,P054,390,0.025
N005574,P181,2682,0.065
N005582,P094,823,0.04
N005590,P094,1946,0.04
N005598,P020,1143,0.042
N005606,P001,1070,0.042
N005614,P094,2667,0.092
N005622,P094,612,0.04
N005630,P094,1972,0.059
N005638,P189,2044,0.071
N005646,P005,2458,0.12
N005654,P006,661,0.042
N005662,P240,844,0.027
N005670,P004,572,0.027
N005678,P056,428,0.019
N005686,P044,1722,0.052
N005694,P244,100,0.02
N005702,P181,1050,0.028
N005710,P001,2137,0.078
N005718,P020,2010,0.056
N005726,P102,1156,0.046
N005734,P181,1261,0.048
N005742,P073,3330,0.106
N005750,P004,1851,0.094
N005758,P158,2927,0.098
N005766,P233,107,0.029
N005774,P020,1325,0.037
N005782,P048,2001,0.046
N005790,P013,124,0.021
N005798,P240,1043,0.029
N005806,P006,1657,0.063
N005814,P003,824,0.038
N005822,P001,1983,0.096
N005830,P096,655,0.041
N005838,P241,1011,0.032
N005846,P006,1399,0.055
N005854,P240,2643,0.064
N005862,P002,2410,0.132
N005870,P230,2127,0.058
N005878,P013,133,0.024
N005886,P003,1468,0.039
N005894,P014,430,0.031
N005902,P227,615,0.027
N005910,P110,1073,0.034
N005918,P033,2750,0.071
N005926,P089,2177,0.074
N005934,P094,2732,0.067
N005942,P020,2957,0.087
N005950,P207,591,0.038
N005958,P003,1137,0.043
N005966,P065,2062,0.047
N005974,P211,1377,0.055
N005982,P031,1703,0.047
N005990,P147,1700,0.051
N005998,P002,2243,0.097
N006006,P003,1709,0.078
N006014,P001,2275,0.082
N006022,P081,1592,0.053
N006030,P094,435,0.025
N006038,P006,1256,0.049
N006046,P004,1143,0.05
N006054,P094,718,0.03
N006062,P231,1431,0.045
N006070,P166,2372,0.059
N006078,P001,2282,0.121
N006086,P137,1367,0.051
N006094,P002,2132,0.079
N006102,P098,1119,0.048
N006110,P094,1514,0.044
N006118,P240,2412,0.08
N006126,P246,307,0.034
N006134,P050,2004,0.043
N006142,P216,1933,0.067
N006150,P003,1054,0.047
N006158,P232,287,0.022
N006166,P195,1177,0.03
N006174,P006,1039,0.044
N006182,P096,1671,0.043
N006190,P094,1566,0.057
N006198,P006,1962,0.085
N006206,P001,1430,0.066
N006214,P001,2234,0.099
N006222,P004,2078,0.102
N006230,P208,1270,0.05
N006238,P194,572,0.025
N006246,P004,1435,0.045
N006254,P001,2196,0.094
N006262,P240,1121,0.045
N006270,P005,2477,0.119
N006278,P003,2003,0.092
N006286,P227,2300,0.061
N006294,P148,2875,0.089
N006302,P150,1113,0.05
N006310,P136,878,0.029
N006318,P215,486,0.019
N006326,P094,2043,0.059
N006334,P003,1291,0.062
N006342,P002,2247,0.097
N006350,P005,1738,0.077
N006358,P006,1139,0.049
N006366,P006,1710,0.068
N006374,P069,871,0.032
N006382,P181,1525,0.045
N006390,P006,1488,0.062
N006398,P094,898,0.036
N006406,P228,2439,0.058
N006414,P020,2416,0.078
N006422,P006,585,0.038
N006430,P004,1125,0.052
N006438,P167,2200,0.07
N006446,P054,663,0.038
N006454,P214,1356,0.049
N006462,P200,2246,0.054
N006470,P001,2053,0.074
N006478,P002,1766,0.08
N006486,P006,1634,0.07
N006494,P020,933,0.041
N006502,P013,44,0.013
N006510,P170,520,0.016
N006518,P253,2029,0.056
N006526,P003,1598,0.067
N006534,P005,2095,0.086
N006542,P004,1363,0.075
N006550,P136,1313,0.038
N006558,P020,1944,0.046
N006566,P006,937,0.047
N006574,P244,110,0.013
N006582,P094,1180,0.037
N006590,P067,2107,0.048
N006598,P005,2252,0.107
N006606,P002,2091,0.105
N006614,P006,716,0.042
N006622,P001,2184,0.075
N006630,P094,2005,0.054
N006638,P006,1217,0.052
N006646,P006,1149,0.065
N006654,P106,2315,0.055
N006662,P005,2020,0.089
N006670,P002,2293,0.118
N006678,P003,1047,0.05
N006686,P200,496,0.025
N006694,P094,1576,0.039
N006702,P240,790,0.034
N006710,P005,1602,0.06
N006718,P003,1460,0.051
N006726,P020,1414,0.047
N006734,P067,1531,0.047
N006742,P001,784,0.039
N006750,P046,103,0.014
N006758,P003,1621,0.046
N006766,P175,806,0.036
N006774,P006,976,0.04
N006782,P215,1588,0.053
N006790,P005,2262,0.083
N006798,P001,2279,0.103
N006806,P207,2302,0.066
N006814,P001,2320,0.12
N006822,P195,2559,0.068
N006830,P004,1288,0.283
N006838,P027,1772,0.085
N006846,P002,2170,0.137
N006854,P073,1087,0.063
N006862,P006,1509,0.084
N006870,P006,1668,0.081
N006878,P191,1946,0.054
N006886,P153,154,0.024
N006894,P001,2343,0.123
N006902,P005,2175,0.126
N006910,P094,1339,0.062
N006918,P240,901,0.055
N006926,P096,2351,0.073
N006934,P094,784,0.04
N006942,P005,2439,0.121
N006950,P002,2070,0.104
N006958,P004,723,0.046
N006966,P091,2115,0.049
N006974,P057,1259,0.045
N006982,P191,2126,0.05
N006990,P227,1277,0.043
N006998,P005,1880,0.093
N007006,P063,1304,0.047
N007014,P006,1292,0.063
N007022,P240,1021,0.044
N007030,P013,125,0.025
N007038,P013,75,0.012
N007046,P020,3070,0.082
N007054,P016,212,0.038
N007062,P001,2104,0.078
N007070,P034,661,0.042
N007078,P020,885,0.033
N007086,P181,1341,0.04
N007094,P240,1125,0.039
N007102,P215,334,0.025
N007110,P146,1023,0.032
N007118,P001,2426,0.13
N007126,P235,516,0.041
N007134,P006,433,0.024
N007142,P001,2254,0.109
N007150,P005,1660,0.078
N007158,P006,1371,0.046
N007166,P222,339,0.027
N007174,P004,1248,0.041
N007182,P240,1179,0.042
N007190,P228,2206,0.054
N007198,P020,2041,0.053
N007206,P215,1329,0.055
N007214,P001,2513,0.138
N007222,P005,1781,0.085
N007230,P140,1908,0.055
N007238,P004,1094,0.053
N007246,P004,1846,0.082
N007254,P003,647,0.038
N007262,P004,1090,0.04
N007270,P006,822,0.039
N007278,P215,1991,0.051
N007286,P003,1348,0.05
N007294,P094,496,0.027
N007302,P063,545,0.02
N007310,P001,1618,0.066
N007318,P152,256,0.026
N007326,P089,1857,0.059
N007334,P094,2015,0.07
N007342,P007,1528,0.049
N007350,P227,812,0.037
N007358,P094,961,0.033
N007366,P184,267,0.018
N007374,P006,1795,0.08
N007382,P003,1207,0.051
N007390,P001,1164,0.043
N007398,P005,2198,0.094
N007406,P141,1066,0.048
N007414,P052,2122,0.048
N007422,P004,1558,0.073
N007430,P005,2209,0.087
N007438,P181,1193,0.046
N007446,P044,1224,0.034
N007454,P004,668,0.036
N007462,P006,1092,0.044
N007470,P094,2093,0.053
N007478,P004,1907,0.078
N007486,P002,2157,0.092
N007494,P044,497,0.034
N007502,P002,2072,0.096
N007510,P240,2248,0.073
N007518,P200,888,0.035
N007526,P003,721,0.036
N007534,P003,1819,0.085
N007542,P001,2271,0.095
N007550,P002,2204,0.113
N007558,P004,1328,0.071
N007566,P003,1472,0.069
N007574,P006,961,0.041
N007582,P005,2024,0.073
N007590,P020,1956,0.055
N007598,P004,639,0.049
N007606,P036,1985,0.045
N007614,P005,2217,0.094
N007622,P044,2014,0.071
N007630,P094,2134,0.054
N007638,P048,982,0.042
N007646,P004,1452,0.051
N007654,P094,2989,0.087
N007662,P004,1265,0.067
N007670,P003,1064,0.05
N007678,P006,1461,0.061
N007686,P240,1895,0.066
N007694,P013,189,0.024
N007702,P004,1121,0.046
N007710,P094,1009,0.036
N007718,P003,1628,0.057
N007726,P020,1377,0.052
N007734,P006,1447,0.052
N007742,P002,2445,0.117
N007750,P094,1957,0.063
N007758,P006,1644,0.062
N007766,P099,1358,0.044
N007774,P017,2019,0.053
N007782,P006,1582,0.069
N007790,P004,1280,0.059
N007798,P001,1929,0.08
N007806,P094,2600,0.07
N007814,P094,1969,0.068
N007822,P047,1793,0.066
N007830,P198,2547,0.065
N007838,P215,793,0.04
N007846,P202,1911,0.041
N007854,P094,1483,0.046
N007862,P087,2385,0.06
N007870,P002,2403,0.125
N007878,P151,193,0.029
N007886,P199,2152,0.054
N007894,P094,1970,0.047
N007902,P001,2269,0.111
N007910,P003,1121,0.053
N007918,P006,1409,0.06
N007926,P094,1935,0.055
N007934,P094,2445,0.066
N007942,P024,2125,0.057
N007950,P001,2100,0.09
N007958,P003,1472,0.061
N007966,P002,2261,0.113
N007974,P006,695,0.041
N007982,P001,2121,0.094
N007990,P005,2337,0.088
N007998,P094,228,0.028
N008006,P001,1433,0.049
N008014,P211,1875,0.054
N008022,P005,2276,0.088
N008030,P005,2237,0.117
N008038,P189,1958,0.054
N008046,P005,2033,0.108
N008054,P028,868,0.043
N008062,P005,1854,0.079
N008070,P094,2780,0.077
N008078,P094,2063,0.067
N008086,P219,2499,0.061
N008094,P003,813,0.052
N008102,P006,1216,0.05
N008110,P005,2131,0.089
N008118,P183,907,0.037
N008126,P221,228,0.018
N008134,P004,1324,0.051
N008142,P003,1745,0.077
N008150,P094,1944,0.061
N008158,P238,1843,0.049
N008166,P002,2229,0.112
N008174,P094,192,0.028
N008182,P175,1396,0.042
N008190,P020,1948,0.05
N008198,P004,1626,0.065
N008206,P240,1674,0.05
N008214,P207,3258,0.094
N008222,P003,1767,0.074
N008230,P005,1002,0.051
N008238,P006,1903,0.081
N008246,P123,175,0.022
N008254,P044,2259,0.06
N008262,P210,1191,0.044
N008270,P006,1886,0.084
N008278,P059,447,0.024
N008286,P004,1459,0.04
N008294,P002,2110,0.077
N008302,P003,1430,0.069
N008310,P240,1941,0.051
N008318,P003,1327,0.048
N008326,P003,1292,0.063
N008334,P021,436,0.027
N008342,P006,857,0.031
N008350,P094,774,0.029
N008358,P001,1995,0.061
N008366,P241,705,0.038
N008374,P005,2512,0.117
N008382,P001,2110,0.079
N008390,P248,2133,0.057
N008398,P094,2156,0.062
N008406,P006,1298,0.056
N008414,P094,2172,0.055
N008422,P003,1310,0.063
N008430,P006,768,0.055
N008438,P244,165,0.017
N008446,P001,2180,0.099
N008454,P246,921,0.043
N008462,P005,2005,0.1
N008470,P004,1337,0.063
N008478,P006,1300,0.076
N008486,P037,79,0.017
N008494,P091,1156,0.039
N008502,P006,1574,0.048
N008510,P120,848,0.035
N008518,P221,79,0.015
N008526,P181,949,0.03
N008534,P020,2044,0.058
N008542,P064,1117,0.041
N008550,P094,1547,0.038
N008558,P001,2182,0.089
N008566,P219,1644,0.059
N008574,P157,1157,0.035
N008582,P215,2163,0.048
N008590,P002,2027,0.081
N008598,P073,2175,0.058
N008606,P006,1820,0.078
N008614,P246,2739,0.079
N008622,P001,2171,0.102
N008630,P002,2191,0.07
N008638,P005,2301,0.127
N008646,P196,2473,0.082
N008654,P005,2263,0.102
N008662,P250,2077,0.055
N008670,P003,1329,0.064
N008678,P004,1429,0.055
N008686,P001,2185,0.11
N008694,P240,2106,0.056
N008702,P006,1359,0.065
N008710,P094,431,0.029
N008718,P114,83,0.01
N008726,P004,1022,0.035
N008734,P004,1375,0.056
N008742,P189,251,0.021
N008750,P003,1608,0.055
N008758,P002,2258,0.103
N008766,P094,2378,0.066
N008774,P005,1239,0.058
N008782,P189,1515,0.044
N008790,P179,1167,0.032
N008798,P104,2473,0.071
N008806,P001,2127,0.083
N008814,P002,2173,0.09
N008822,P094,3117,0.089
N008830,P206,1661,0.058
N008838,P024,680,0.036
N008846,P028,2301,0.057
N008854,P006,1710,0.081
N008862,P221,195,0.023
N008870,P094,1944,0.041
N008878,P006,709,0.038
N008886,P215,714,0.029
N008894,P221,206,0.02
N008902,P172,414,0.016
N008910,P005,2178,0.078
N008918,P002,2186,0.095
N008926,P002,2344,0.126
N008934,P122,2530,0.074
N008942,P199,2131,0.063
N008950,P004,1303,0.061
N008958,P240,1590,0.047
N008966,P228,560,0.028
N008974,P003,2157,0.232
N008982,P100,1184,0.189
N008990,P057,2599,0.086
N008998,P004,926,0.211
N009006,P088,1521,0.098
N009014,P131,2282,0.07
N009022,P209,1962,0.058
N009030,P002,2235,0.125
N009038,P094,623,0.047
N009046,P003,1724,0.071
N009054,P136,912,0.038
N009062,P002,2057,0.089
N009070,P216,1177,0.053
N009078,P001,2164,0.219
N009086,P232,2656,0.096
N009094,P215,1481,0.077
N009102,P020,686,0.044
N009110,P017,379,0.025
N009118,P006,1881,0.085
N009126,P002,2233,0.086
N009134,P209,157,0.032
N009142,P088,509,0.025
N009150,P133,1264,0.045
N009158,P181,2088,0.055
N009166,P167,2138,0.069
N009174,P073,494,0.034
N009182,P001,2194,0.106
N009190,P234,203,0.031
N009198,P083,2114,0.052
N009206,P170,2063,0.06
N009214,P001,2276,0.12
N009222,P105,1999,0.06
N009230,P250,2562,0.082
N009238,P005,2115,0.111
N009246,P172,2197,0.064
N009254,P003,812,0.049
N009262,P100,1972,0.06
N009270,P227,492,0.036
N009278,P094,1752,0.057
N009286,P014,2561,0.066
N009294,P221,1879,0.199
N009302,P028,1996,0.082
N009310,P006,1324,0.052
N009318,P249,273,0.026
N009326,P087,2061,0.043
N009334,P222,2227,0.061
N009342,P002,1397,0.067
N009350,P240,1483,0.044
N009358,P202,337,0.024
N009366,P003,605,0.035
N009374,P241,1170,0.04
N009382,P116,2183,0.066
N009390,P057,2899,0.082
N009398,P002,2124,0.09
N009406,P002,2177,0.095
N009414,P004,897,0.051
N009422,P094,2764,0.066
N009430,P020,2403,0.07
N009438,P094,1348,0.045
N009446,P097,715,0.036
N009454,P228,1188,0.03
N009462,P006,1617,0.075
N009470,P153,83,0.02
N009478,P001,2392,0.097
N009486,P001,2168,0.094
N009494,P005,2319,0.117
N009502,P239,920,0.043
N009510,P001,2052,0.07
N009518,P006,1807,0.085
N009526,P201,2866,0.071
N009534,P215,207,0.033
N009542,P004,844,0.038
N009550,P002,2194,0.075
N009558,P006,1749,0.088
N009566,P255,1765,0.054
N009574,P005,2230,0.1
N009582,P001,2099,0.086
N009590,P217,822,0.039
N009598,P086,691,0.034
N009606,P044,708,0.033
N009614,P087,702,0.034
N009622,P073,2260,0.051
N009630,P006,1170,0.06
N009638,P253,1340,0.049
N009646,P005,2248,0.108
N009654,P003,858,0.048
N009662,P002,2413,0.12
N009670,P214,167,0.029
N009678,P003,1757,0.068
N009686,P004,777,0.043
N009694,P002,2191,0.103
N009702,P001,2200,0.1
N009710,P002,1974,0.072
N009718,P094,2334,0.063
N009726,P240,965,0.041
N009734,P069,955,0.035
N009742,P094,2218,0.058
N009750,P003,1455,0.047
N009758,P003,1447,0.054
N009766,P003,1222,0.058
N009774,P001,2253,0.116
N009782,P206,728,0.035
N009790,P004,712,0.11
N009798,P006,1924,0.073
N009806,P002,2427,0.115
N009814,P077,902,0.043
N009822,P044,872,0.036
N009830,P221,253,0.022
N009838,P070,2024,0.047
N009846,P185,965,0.041
N009854,P002,2220,0.121
N009862,P004,620,0.048
N009870,P094,2390,0.078
N009878,P094,3080,0.102
N009886,P001,2252,0.11
N009894,P004,1384,0.066
N009902,P094,2518,0.069
N009910,P094,1304,0.047
N009918,P109,824,0.035
N009926,P253,1268,0.04
N009934,P217,1207,0.042
N009942,P002,2152,0.077
N009950,P215,891,0.041
N009958,P094,2589,0.058
N009966,P257,971,0.043
N009974,P097,980,0.036
N009982,P004,1946,0.089
N009990,P006,1265,0.061
N009998,P151,149,0.02
N010006,P094,2089,0.041
N010014,P003,746,0.039
N010022,P002,2150,0.078
N010030,P020,2000,0.067
N010038,P094,922,0.036
N010046,P182,539,0.026
N010054,P094,554,0.024
N010062,P002,2570,0.11
N010070,P094,842,0.047
N010078,P202,581,0.024
N010086,P074,2660,0.061
N010094,P081,1963,0.056
N010102,P080,1943,0.046
N010110,P097,1629,0.056
N010118,P004,1372,0.054
N010126,P221,199,0.021
N010134,P003,1394,0.044
N010142,P001,2286,0.076
N010150,P008,57,0.024
N010158,P088,2474,0.056
N010166,P181,1843,0.06
N010174,P003,669,0.042
N010182,P153,80,0.016
N010190,P094,2552,0.051
N010198,P005,2187,0.092
N010206,P121,2484,0.078
N010214,P005,2369,0.124
N010222,P097,1192,0.048
N010230,P221,41,0.016
N010238,P094,718,0.029
N010246,P081,1207,0.03
N010254,P094,2879,0.076
N010262,P003,1309,0.056
N010270,P044,2038,0.05
N010278,P039,2985,0.1
N010286,P005,1788,0.089
N010294,P094,2554,0.072
N010302,P005,2000,0.092
N010310,P013,26,0.021
N010318,P243,1198,0.043
N010326,P168,737,0.035
N010334,P229,885,0.032
N010342,P005,2190,0.083
N010350,P009,468,0.036
N010358,P020,2041,0.044
N010366,P141,1423,0.055
N010374,P001,2231,0.082
N010382,P075,2099,0.06
N010390,P006,1464,0.07
N010398,P001,1389,0.054
N010406,P136,1711,0.045
N010414,P139,1457,0.042
N010422,P003,1594,0.059
N010430,P136,1389,0.05
N010438,P013,198,0.021
N010446,P163,2373,0.052
N010454,P146,776,0.036
N010462,P094,1232,0.038
N010470,P002,2234,0.087
N010478,P004,678,0.044
N010486,P014,1631,0.039
N010494,P112,1176,0.045
N010502,P003,1393,0.045
N010510,P051,3191,0.083
N010518,P002,2271,0.111
N010526,P225,2478,0.072
N010534,P073,957,0.042
N010542,P259,1191,0.043
N010550,P005,1698,0.058
N010558,P020,358,0.029
N010566,P138,2483,0.066
N010574,P002,2129,0.089
N010582,P094,2217,0.058
N010590,P006,954,0.048
N010598,P006,1516,0.07
N010606,P094,2090,0.048
N010614,P001,2235,0.095
N010622,P094,1773,0.065
N010630,P244,42,0.02
N010638,P003,451,0.02
N010646,P255,1089,0.025
N010654,P003,1559,0.053
N010662,P071,1010,0.041
N010670,P146,2620,0.077
N010678,P004,1424,0.055
N010686,P005,2268,0.114
N010694,P015,56,0.024
N010702,P020,1576,0.044
N010710,P004,1731,0.068
N010718,P004,812,0.052
N010726,P112,2635,0.066
N010734,P232,2329,0.062
N010742,P131,281,0.022
N010750,P181,1363,0.041
N010758,P001,2376,0.105
N010766,P053,1506,0.068
N010774,P073,2068,0.052
N010782,P096,3412,0.106
N010790,P094,1040,0.053
N010798,P002,1361,0.056
N010806,P222,1220,0.034
N010814,P006,1740,0.072
N010822,P091,2002,0.052
N010830,P036,1129,0.031
N010838,P240,2707,0.074
N010846,P222,1430,0.064
N010854,P088,1381,0.042
N010862,P202,920,0.032
N010870,P003,831,0.035
N010878,P001,2434,0.109
N010886,P002,2230,0.107
N010894,P020,2872,0.089
N010902,P006,1414,0.061
N010910,P034,643,0.032
N010918,P186,2603,0.06
N010926,P003,910,0.05
N010934,P003,890,0.036
N010942,P051,2887,0.074
N010950,P181,698,0.041
N010958,P031,1620,0.038
N010966,P148,1545,0.051
N010974,P240,2298,0.059
N010982,P005,2056,0.09
N010990,P005,2102,0.08
N010998,P094,484,0.033
N011006,P227,266,0.016
N011014,P002,2197,0.09
N011022,P020,2001,0.054
N011030,P136,1929,0.044
N011038,P001,1962,0.076
N011046,P044,1303,0.043
N011054,P091,2132,0.059
N011062,P002,2222,0.096
N011070,P094,2178,0.14
N011078,P241,1419,0.063
N011086,P004,1153,0.074
N011094,P004,1722,0.078
N011102,P006,782,0.07
N011110,P070,3036,0.141
N011118,P240,2734,0.121
N011126,P003,1291,0.096
N011134,P088,1381,0.082
N011142,P105,773,0.056
N011150,P073,2704,0.091
N011158,P004,1020,0.053
N011166,P167,3102,0.097
N011174,P120,649,0.044
N011182,P003,1740,0.075
N011190,P189,736,0.05
N011198,P094,2592,0.066
N011206,P112,1216,0.067
N011214,P005,2249,0.128
N011222,P094,355,0.037
N011230,P005,2306,0.093
N011238,P006,1576,0.072
N011246,P218,810,0.033
N011254,P006,1726,0.057
N011262,P215,2377,0.111
N011270,P006,1037,0.055
N011278,P185,2387,0.076
N011286,P001,2082,0.107
N011294,P003,867,0.052
N011302,P032,217,0.022
N011310,P146,311,0.018
N011318,P075,1509,0.047
N011326,P094,636,0.038
N011334,P002,2174,0.083
N011342,P037,79,0.026
N011350,P002,2012,0.091
N011358,P034,1496,0.05
N011366,P094,1994,0.05
N011374,P004,622,0.039
N011382,P001,2405,0.098
N011390,P156,432,0.033
N011398,P144,1822,0.039
N011406,P044,401,0.029
N011414,P080,725,0.028
N011422,P222,1538,0.044
N011430,P002,2317,0.09
N011438,P232,2637,0.078
N011446,P005,2306,0.135
N011454,P216,2927,0.089
N011462,P181,3098,0.089
N011470,P005,2250,0.1
N011478,P227,314,0.031
N011486,P240,1758,0.052
N011494,P087,1374,0.037
N011502,P005,2163,0.087
N011510,P003,1553,0.067
N011518,P096,3445,0.106
N011526,P044,846,0.046
N011534,P004,1403,0.05
N011542,P006,1114,0.048
N011550,P003,1720,0.072
N011558,P166,332,0.03
N011566,P166,1994,0.053
N011574,P120,342,0.028
N011582,P002,2291,0.078
N011590,P002,2219,0.117
N011598,P094,3236,0.093
N011606,P181,2648,0.083
N011614,P094,127,0.028
N011622,P001,1725,0.062
N011630,P241,3202,0.092
N011638,P225,2709,0.082
N011646,P022,114,0.029
N011654,P003,2111,0.089
N011662,P136,1470,0.045
N011670,P031,892,0.035
N011678,P020,1980,0.047
N011686,P004,516,0.029
N011694,P002,2153,0.075
N011702,P120,363,0.028
N011710,P060,1112,0.04
N011718,P094,2715,0.077
N011726,P219,1050,0.05
N011734,P001,1505,0.065
N011742,P003,1741,0.083
N011750,P098,1206,0.045
N011758,P004,987,0.039
N011766,P215,1113,0.038
N011774,P005,2207,0.083
N011782,P240,1692,0.064
N011790,P013,209,0.023
N011798,P020,394,0.022
N011806,P044,1960,0.044
N011814,P044,2366,0.064
N011822,P001,2188,0.097
N011830,P200,1193,0.056
N011838,P001,1994,0.094
N011846,P090,98,0.025
N011854,P072,2042,0.041
N011862,P006,1032,0.047
N011870,P001,1794,0.072
N011878,P003,1643,0.063
N011886,P001,2385,0.12
N011894,P097,1615,0.057
N011902,P021,1179,0.044
N011910,P006,1455,0.062
N011918,P020,1241,0.038
N011926,P094,1954,0.058
N011934,P094,2288,0.058
N011942,P240,2252,0.059
N011950,P122,1180,0.041
N011958,P094,1261,0.043
N011966,P098,380,0.023
N011974,P004,1612,0.059
N011982,P246,2693,0.067
N011990,P240,400,0.033
N011998,P006,611,0.025
N000007,P004,1782,0.067
N000015,P004,981,0.045
N000023,P006,1030,0.041
N000031,P120,310,0.021
N000039,P094,2676,0.072
N000047,P001,2129,0.099
N000055,P004,1700,0.072
N000063,P063,220,0.024
N000071,P094,1632,0.037
N000079,P004,2124,0.094
N000087,P094,584,0.032
N000095,P175,1810,0.047
N000103,P200,2128,0.054
N000111,P094,626,0.039
N000119,P001,2113,0.072
N000127,P004,1724,0.079
N000135,P002,2275,0.1
N000143,P004,1131,0.056
N000151,P098,3374,0.1
N000159,P006,1300,0.059
N000167,P033,2045,0.058
N000175,P183,2783,0.078
N000183,P002,2164,0.106
N000191,P003,579,0.048
N000199,P254,106,0.015
N000207,P102,621,0.026
N000215,P001,2344,0.106
N000223,P002,1472,0.069
N000231,P211,1439,0.04
N000239,P152,429,0.029
N000247,P242,1570,0.045
N000255,P004,943,0.048
N000263,P223,2784,0.08
N000271,P094,570,0.039
N000279,P020,370,0.02
N000287,P111,1600,0.039
N000295,P002,2243,0.092
N000303,P003,1684,0.081
N000311,P146,2505,0.071
N000319,P094,1202,0.052
N000327,P249,500,0.024
N000335,P151,95,0.016
N000343,P020,2874,0.066
N000351,P040,310,0.031
N000359,P054,2053,0.043
N000367,P034,1233,0.048
N000375,P088,757,0.034
N000383,P020,787,0.031
N000391,P006,1748,0.071
N000399,P005,2260,0.109
N000407,P005,2218,0.108
N000415,P240,2328,0.079
N000423,P005,2518,0.118
N000431,P094,523,0.035
N000439,P094,1819,0.055
N000447,P003,781,0.041
N000455,P198,1050,0.027
N000463,P006,1831,0.085
N000471,P001,1850,0.082
N000479,P004,1000,0.044
N000487,P098,979,0.036
N000495,P005,2187,0.155
N000503,P195,1648,0.055
N000511,P206,2238,0.086
N000519,P127,1099,0.037
N000527,P005,2091,0.077
N000535,P096,863,0.037
N000543,P215,497,0.026
N000551,P133,2409,0.055
N000559,P001,2308,0.134
N000567,P006,1455,0.08
N000575,P203,908,0.036
N000583,P064,1487,0.038
N000591,P004,1520,0.056
N000599,P001,2351,0.126
N000607,P065,1024,0.044
N000615,P166,519,0.023
N000623,P227,1173,0.038
N000631,P036,2736,0.068
N000639,P001,1527,0.06
N000647,P006,1285,0.06
N000655,P006,1843,0.083
N000663,P105,1650,0.052
N000671,P122,2958,0.091
N000679,P006,1409,0.083
N000687,P014,1761,0.059
N000695,P003,1538,0.066
N000703,P001,2180,0.096
N000711,P189,1315,0.06
N000719,P027,1198,0.04
N000727,P005,2167,0.079
N000735,P001,2229,0.115
N000743,P044,629,0.04
N000751,P001,1204,0.047
N000759,P250,2065,0.05
N000767,P002,2084,0.095
N000775,P014,880,0.042
N000783,P094,2453,0.071
N000791,P018,945,0.045
N000799,P134,1386,0.05
N000807,P048,520,0.027
N000815,P134,1233,0.035
N000823,P094,3262,0.089
N000831,P094,2195,0.066
N000839,P073,1760,0.064
N000847,P191,505,0.031
N000855,P002,2386,0.114
N000863,P001,2283,0.127
N000871,P006,1531,0.07
N000879,P071,354,0.027
N000887,P001,2198,0.081
N000895,P004,1588,0.066
N000903,P094,1615,0.055
N000911,P249,1804,0.061
N000919,P004,1645,0.062
N000927,P232,1206,0.053
N000935,P013,66,0.017
N000943,P003,920,0.034
N000951,P219,551,0.026
N000959,P094,1366,0.036
N000967,P005,2326,0.122
N000975,P181,1608,0.064
N000983,P003,854,0.039
N000991,P002,2245,0.1
N000999,P189,2135,0.068
N001007,P181,711,0.038
N001015,P240,2328,0.054
N001023,P001,2414,0.113
N001031,P001,2208,0.109
N001039,P255,1700,0.068
N001047,P005,1417,0.056
N001055,P006,1116,0.053
N001063,P171,2544,0.072
N001071,P181,2867,0.086
N001079,P181,2061,0.057
N001087,P006,1262,0.047
N001095,P246,477,0.024
N001103,P240,1486,0.045
N001111,P005,1923,0.08
N001119,P122,1486,0.053
N001127,P122,2426,0.084
N001135,P001,2100,0.081
N001143,P004,818,0.044
N001151,P020,2183,0.051
N001159,P189,2061,0.066
N001167,P044,922,0.042
N001175,P057,1018,0.033
N001183,P172,3150,0.077
N001191,P001,2226,0.108
N001199,P003,1573,0.065
N001207,P015,1917,0.045
N001215,P240,640,0.031
N001223,P003,1714,0.063
N001231,P005,2243,0.11
N001239,P260,289,0.029
N001247,P197,1238,0.031
N001255,P191,884,0.031
N001263,P004,1685,0.36
N001271,P174,834,0.06
N001279,P001,953,0.046
N001287,P002,2194,0.241
N001295,P020,2162,0.079
N001303,P002,2225,0.125
N001311,P243,946,0.054
N001319,P192,576,0.034
N001327,P006,978,0.041
N001335,P005,2257,0.111
N001343,P046,44,0.026
N001351,P240,466,0.019
N001359,P031,1135,0.04
N001367,P094,1093,0.041
N001375,P004,817,0.047
N001383,P003,1268,0.054
N001391,P013,19,0.019
N001399,P004,1687,0.05
N001407,P001,1976,0.077
N001415,P006,758,0.041
N001423,P073,1969,0.049
N001431,P044,1354,0.053
N001439,P003,1616,0.074
N001447,P060,1383,0.052
N001455,P051,1995,0.054
N001463,P073,2219,0.062
N001471,P044,1009,0.05
N001479,P221,110,0.018
N001487,P127,1676,0.045
N001495,P244,115,0.022
N001503,P001,2696,0.12
N001511,P229,1119,0.053
N001519,P094,1303,0.047
N001527,P094,2265,0.059
N001535,P094,691,0.199
N001543,P221,65,0.021
N001551,P004,1304,0.055
N001559,P002,1704,0.074
N001567,P133,767,0.033
N001575,P094,849,0.032
N001583,P003,1148,0.047
N001591,P094,2098,0.062
N001599,P049,750,0.043
N001607,P013,153,0.017
N001615,P240,215,0.013
N001623,P002,2153,0.083
N001631,P053,1468,0.047
N001639,P238,2880,0.085
N001647,P004,1661,0.083
N001655,P122,2945,0.093
N001663,P053,1152,0.047
N001671,P004,1766,0.079
N001679,P005,2202,0.11
N001687,P006,1268,0.067
N001695,P094,295,0.025
N001703,P004,932,0.039
N001711,P003,1306,0.042
N001719,P094,1956,0.046
N001727,P084,83,0.021
N001735,P006,1085,0.04
N001743,P020,589,0.031
N001751,P096,1457,0.052
N001759,P006,1221,0.061
N001767,P005,2022,0.072
N001775,P195,803,0.04
N001783,P005,2236,0.106
N001791,P006,1632,0.074
N001799,P240,2357,0.09
N001807,P003,1366,0.057
N001815,P096,2293,0.058
N001823,P072,1170,0.045
N001831,P006,806,0.043
N001839,P098,197,0.022
N001847,P231,2199,0.047
N001855,P005,2249,0.102
N001863,P005,1468,0.065
N001871,P240,1140,0.041
N001879,P001,2154,0.078
N001887,P240,1522,0.059
N001895,P142,202,0.023
N001903,P094,294,0.017
N001911,P152,2293,0.048
N001919,P001,2415,0.129
N001927,P094,2260,0.061
N001935,P005,1029,0.054
N001943,P001,2380,0.098
N001951,P094,461,0.035
N001959,P041,2780,0.067
N001967,P013,72,0.028
N001975,P006,1235,0.05
N001983,P131,279,0.02
N001991,P005,2255,0.096
N001999,P227,488,0.037
N002007,P086,1461,0.047
N002015,P004,951,0.046
N002023,P136,1264,0.046
N002031,P002,2405,0.123
N002039,P003,826,0.047
N002047,P200,1894,0.063
N002055,P094,824,0.03
N002063,P199,1011,0.041
N002071,P002,2212,0.094
N002079,P221,398,0.03
N002087,P094,731,0.027
N002095,P120,2224,0.05
N002103,P221,81,0.024
N002111,P006,1913,0.068
N002119,P002,2234,0.093
N002127,P240,962,0.044
N002135,P004,1594,0.07
N002143,P042,526,0.032
N002151,P003,1880,0.076
N002159,P005,2330,0.115
N002167,P006,634,0.048
N002175,P006,1698,0.068
N002183,P094,2499,0.075
N002191,P004,1200,0.07
N002199,P003,1789,0.076
N002207,P003,871,0.046
N002215,P094,2396,0.064
N002223,P094,1095,0.037
N002231,P002,2157,0.079
N002239,P241,1632,0.056
N002247,P003,1760,0.071
N002255,P094,299,0.029
N002263,P003,1472,0.052
N002271,P002,1915,0.07
N002279,P050,970,0.035
N002287,P096,805,0.029
N002295,P005,2208,0.103
N002303,P094,1107,0.043
N002311,P189,1933,0.044
N002319,P133,2063,0.06
N002327,P184,443,0.025
N002335,P004,977,0.04
N002343,P146,1701,0.057
N002351,P006,1946,0.09
N002359,P006,1621,0.071
N002367,P090,92,0.02
N002375,P094,1189,0.032
N002383,P001,2265,0.096
N002391,P005,2201,0.092
N002399,P058,832,0.041
N002407,P003,1643,0.062
N002415,P094,1716,0.049
N002423,P002,2541,0.139
N002431,P189,1237,0.046
N002439,P004,1979,0.086
N002447,P205,1973,0.052
N002455,P091,2141,0.066
N002463,P003,1114,0.056
N002471,P001,2018,0.067
N002479,P004,1421,0.055
N002487,P259,417,0.026
N002495,P021,753,0.029
N002503,P094,1498,0.049
N002511,P005,2248,0.09
N002519,P227,679,0.038
N002527,P094,1582,0.05
N002535,P175,2264,0.061
N002543,P219,2828,0.078
N002551,P103,802,0.043
N002559,P094,2198,0.051
N002567,P094,1192,0.039
N002575,P004,1404,0.052
N002583,P003,1807,0.076
N002591,P094,2561,0.066
N002599,P094,1189,0.05
N002607,P094,1074,0.038
N002615,P006,472,0.027
N002623,P085,692,0.03
N002631,P094,1095,0.03
N002639,P069,1302,0.051
N002647,P006,1773,0.068
N002655,P003,905,0.042
N002663,P001,2461,0.115
N002671,P229,901,0.046
N002679,P011,111,0.015
N002687,P006,1369,0.037
N002695,P094,1072,0.04
N002703,P002,2421,0.09
N002711,P094,1127,0.045
N002719,P003,1265,0.04
N002727,P172,1824,0.046
N002735,P088,2473,0.067
N002743,P044,1474,0.049
N002751,P001,2536,0.146
N002759,P240,862,0.047
N002767,P017,2006,0.045
N002775,P180,346,0.026
N002783,P200,342,0.019
N002791,P004,1255,0.048
N002799,P046,1991,0.047
N002807,P180,377,0.023
N002815,P221,165,0.013
N002823,P094,1810,0.046
N002831,P006,1254,0.042
N002839,P143,731,0.034
N002847,P020,989,0.036
N002855,P002,2165,0.104
N002863,P006,1392,0.067
N002871,P001,2302,0.116
N002879,P004,1518,0.07
N002887,P003,1686,0.076
N002895,P094,577,0.029
N002903,P004,956,0.034
N002911,P240,2037,0.047
N002919,P214,2588,0.07
N002927,P006,1093,0.054
N002935,P221,127,0.017
N002943,P001,1985,0.065
N002951,P094,895,0.044
N002959,P046,91,0.015
N002967,P004,1262,0.052
N002975,P044,1330,0.046
N002983,P007,272,0.021
N002991,P094,1340,0.037
N002999,P094,2566,0.063
N003007,P235,1183,0.04
N003015,P005,2102,0.072
N003023,P242,698,0.039
N003031,P232,2421,0.069
N003039,P020,2096,0.07
N003047,P020,370,0.028
N003055,P035,1109,0.031
N003063,P003,1414,0.048
N003071,P001,2028,0.066
N003079,P001,2113,0.095
N003087,P004,969,0.044
N003095,P002,2211,0.094
N003103,P184,96,0.024
N003111,P026,3086,0.072
N003119,P146,1018,0.045
N003127,P240,2617,0.061
N003135,P128,2635,0.086
N003143,P094,1231,0.051
N003151,P002,2415,0.129
N003159,P006,700,0.042
N003167,P235,2282,0.052
N003175,P003,1431,0.072
N003183,P227,2267,0.055
N003191,P003,1102,0.054
N003199,P235,2297,0.056
N003207,P081,1090,0.044
N003215,P004,1434,0.066
N003223,P094,946,0.032
N003231,P005,2212,0.093
N003239,P094,2025,0.055
N003247,P006,1066,0.053
N003255,P069,370,0.023
N003263,P094,775,0.025
N003271,P004,1744,0.064
N003279,P004,1807,0.117
N003287,P094,768,0.038
N003295,P006,1483,0.058
N003303,P225,1440,0.042
N003311,P094,1423,0.05
N003319,P006,914,0.04
N003327,P005,1448,0.069
N003335,P241,2736,0.199
N003343,P094,826,0.05
N003351,P005,2073,0.074
N003359,P003,857,0.058
N003367,P255,818,0.028
N003375,P181,2103,0.052
N003383,P004,844,0.046
N003391,P094,1550,0.045
N003399,P191,1081,0.045
N003407,P094,1264,0.066
N003415,P005,2206,0.122
N003423,P240,746,0.041
N003431,P094,2670,0.065
N003439,P238,1907,0.081
N003447,P243,179,0.024
N003455,P066,140,0.013
N003463,P002,2212,0.095
N003471,P006,1417,0.056
N003479,P094,211,0.025
N003487,P004,1683,0.067
N003495,P001,2189,0.089
N003503,P092,426,0.034
N003511,P094,764,0.029
N003519,P003,1692,0.273
N003527,P090,105,0.029
N003535,P203,2098,0.09
N003543,P128,910,0.071
N003551,P189,2103,0.055
N003559,P006,814,0.046
N003567,P006,1387,0.055
N003575,P003,831,0.047
N003583,P006,1387,0.062
N003591,P005,2179,0.108
N003599,P232,1895,0.067
N003607,P002,2454,0.114
N003615,P002,2292,0.121
N003623,P215,1393,0.041
N003631,P003,386,0.03
N003639,P183,217,0.017
N003647,P216,2249,0.058
N003655,P240,1258,0.042
N003663,P006,1471,0.054
N003671,P004,1609,0.061
N003679,P001,1556,0.065
N003687,P097,472,0.032
N003695,P094,2267,0.051
N003703,P060,2956,0.086
N003711,P004,1190,0.071
N003719,P239,221,0.023
N003727,P240,511,0.021
N003735,P001,2322,0.096
N003743,P105,1214,0.07
N003751,P006,1515,0.062
N003759,P085,1651,0.051
N003767,P094,2135,0.055
N003775,P094,1645,0.068
N003783,P020,1631,0.046
N003791,P073,1417,0.051
N003799,P159,1804,0.045
N003807,P060,1737,0.051
N003815,P003,598,0.038
N003823,P001,2219,0.104
N003831,P003,1548,0.077
N003839,P003,1890,0.11
N003847,P002,1454,0.063
N003855,P004,1137,0.056
N003863,P006,861,0.038
N003871,P136,3076,0.092
N003879,P232,287,0.037
N003887,P242,1936,0.039
N003895,P020,678,0.036
N003903,P003,1217,0.055
N003911,P094,1976,0.046
N003919,P004,1661,0.084
N003927,P013,139,0.021
N003935,P131,2131,0.045
N003943,P004,822,0.04
N003951,P005,1970,0.068
N003959,P094,626,0.038
N003967,P181,984,0.033
N003975,P004,1684,0.055
N003983,P020,1076,0.038
N003991,P240,1892,0.056
N003999,P240,877,0.039
N004007,P005,2154,0.078
N004015,P168,2043,0.056
N004023,P234,2094,0.053
N004031,P240,2561,0.083
N004039,P112,630,0.038
N004047,P094,1291,0.039
N004055,P094,2343,0.073
N004063,P002,2312,0.119
N004071,P181,1828,0.055
N004079,P142,211,0.023
N004087,P246,967,0.033
N004095,P088,1733,0.054
N004103,P090,1886,0.044
N004111,P111,1846,0.065
N004119,P228,2617,0.071
N004127,P195,2066,0.07
N004135,P003,885,0.042
N004143,P232,1901,0.054
N004151,P002,2034,0.079
N004159,P094,2225,0.059
N004167,P003,1199,0.067
N004175,P094,752,0.034
N004183,P020,1203,0.041
N004191,P004,1788,0.075
N004199,P004,1606,0.066
N004207,P003,969,0.042
N004215,P005,2208,0.095
N004223,P003,1052,0.055
N004231,P240,1782,0.053
N004239,P005,2194,0.09
N004247,P002,2227,0.102
N004255,P001,2253,0.106
N004263,P088,1979,0.056
N004271,P077,700,0.037
N004279,P003,873,0.039
N004287,P228,1538,0.045
N004295,P004,1692,0.066
N004303,P006,695,0.037
N004311,P088,2014,0.047
N004319,P044,1419,0.04
N004327,P225,686,0.03
N004335,P216,1322,0.049
N004343,P003,1681,0.071
N004351,P003,712,0.035
N004359,P258,1776,0.039
N004367,P146,1225,0.045
N004375,P094,2411,0.077
N004383,P152,2180,0.081
N004391,P006,1868,0.087
N004399,P221,195,0.027
N004407,P097,844,0.037
N004415,P094,905,0.03
N004423,P235,1886,0.042
N004431,P020,2479,0.07
N004439,P020,1099,0.047
N004447,P094,1237,0.043
N004455,P094,471,0.028
N004463,P241,2567,0.072
N004471,P094,2601,0.076
N004479,P020,1492,0.059
N004487,P094,2743,0.087
N004495,P002,2248,0.117
N004503,P094,347,0.033
N004511,P004,1878,0.065
N004519,P228,345,0.028
N004527,P200,743,0.028
N004535,P020,2599,0.06
N004543,P216,901,0.044
N004551,P089,2634,0.06
N004559,P001,2227,0.098
N004567,P195,1392,0.048
N004575,P003,675,0.036
N004583,P003,1120,0.042
N004591,P094,1458,0.051
N004599,P006,1603,0.07
N004607,P142,133,0.021
N004615,P101,1204,0.032
N004623,P006,1585,0.059
N004631,P042,966,0.036
N004639,P142,113,0.016
N004647,P232,2923,0.067
N004655,P002,2197,0.108
N004663,P004,1391,0.052
N004671,P094,606,0.03
N004679,P021,2971,0.075
N004687,P142,171,0.029
N004695,P094,2005,0.045
N004703,P097,429,0.029
N004711,P094,1592,0.048
N004719,P136,1332,0.056
N004727,P006,1224,0.055
N004735,P056,1062,0.038
N004743,P181,2371,0.065
N004751,P227,3590,0.116
N004759,P004,1734,0.088
N004767,P094,2171,0.057
N004775,P209,1868,0.044
N004783,P094,1940,0.047
N004791,P001,2023,0.068
N004799,P006,1511,0.073
N004807,P166,2395,0.057
N004815,P227,1038,0.048
N004823,P094,1750,0.05
N004831,P006,1369,0.061
N004839,P003,691,0.041
N004847,P232,1985,0.052
N004855,P143,1677,0.062
N004863,P094,2438,0.071
N004871,P094,1499,0.063
N004879,P005,2109,0.075
N004887,P094,681,0.041
N004895,P001,1923,0.081
N004903,P094,1274,0.053
N004911,P006,1179,0.052
N004919,P094,1587,0.051
N004927,P137,1293,0.036
N004935,P097,770,0.035
N004943,P001,2328,0.127
N004951,P003,1705,0.073
N004959,P006,1851,0.083
N004967,P006,1850,0.086
N004975,P094,469,0.032
N004983,P147,801,0.028
N004991,P068,2780,0.096
N004999,P070,2340,0.066
N005007,P001,1072,0.05
N005015,P094,1272,0.037
N005023,P094,861,0.04
N005031,P006,749,0.031
N005039,P094,317,0.024
N005047,P005,2262,0.099
N005055,P214,1184,0.048
N005063,P116,3452,0.11
N005071,P088,183,0.033
N005079,P002,2250,0.104
N005087,P004,1177,0.059
N005095,P150,242,0.018
N005103,P146,1378,0.044
N005111,P058,1944,0.057
N005119,P006,1436,0.07
N005127,P005,1741,0.066
N005135,P068,1136,0.041
N005143,P089,1648,0.056
N005151,P088,817,0.032
N005159,P005,1987,0.095
N005167,P005,2326,0.116
N005175,P094,1346,0.055
N005183,P207,1928,0.05
N005191,P003,1584,0.07
N005199,P240,1242,0.045
N005207,P094,494,0.026
N005215,P089,521,0.022
N005223,P221,113,0.015
N005231,P136,1860,0.048
N005239,P046,1901,0.045
N005247,P181,799,0.037
N005255,P001,1614,0.05
N005263,P005,2059,0.088
N005271,P003,1559,0.066
N005279,P003,547,0.034
N005287,P131,2355,0.051
N005295,P120,404,0.032
N005303,P005,1574,0.054
N005311,P078,1260,0.048
N005319,P088,435,0.029
N005327,P106,1482,0.039
N005335,P001,2256,0.103
N005343,P006,1695,0.081
N005351,P094,304,0.028
N005359,P005,2264,0.106
N005367,P020,746,0.044
N005375,P002,2561,0.122
N005383,P002,2635,0.126
N005391,P013,221,0.029
N005399,P094,223,0.013
N005407,P010,2276,0.069
N005415,P221,152,0.023
N005423,P246,499,0.016
N005431,P002,1487,0.061
N005439,P020,1407,0.041
N005447,P006,1042,0.044
N005455,P136,1003,0.029
N005463,P240,961,0.032
N005471,P200,2013,0.047
N005479,P094,1085,0.038
N005487,P089,1635,0.055
N005495,P216,1098,0.039
N005503,P141,488,0.024
N005511,P020,1035,0.034
N005519,P094,2036,0.046
N005527,P062,1270,0.048
N005535,P002,2036,0.093
N005543,P094,1984,0.054
N005551,P150,680,0.03
N005559,P004,1604,0.08
N005567,P069,1088,0.034
N005575,P004,859,0.052
N005583,P020,889,0.065
N005591,P001,2139,0.098
N005599,P046,98,0.026
N005607,P069,488,0.025
N005615,P020,2667,0.092
N005623,P044,2243,0.066
N005631,P177,937,0.042
N005639,P227,2044,0.065
N005647,P227,839,0.036
N005655,P109,1006,0.028
N005663,P006,628,0.026
N005671,P094,664,0.029
N005679,P098,1175,0.038
N005687,P094,1192,0.039
N005695,P005,2198,0.103
N005703,P094,987,0.044
N005711,P027,411,0.022
N005719,P003,1288,0.038
N005727,P002,2297,0.129
N005735,P145,120,0.026
N005743,P001,2055,0.074
N005751,P005,2255,0.102
N005759,P001,2032,0.099
N005767,P210,1148,0.044
N005775,P172,1323,0.043
N005783,P146,2478,0.061
N005791,P175,872,0.041
N005799,P006,1508,0.05
N005807,P094,734,0.034
N005815,P143,775,0.033
N005823,P013,1997,0.044
N005831,P094,640,0.038
N005839,P239,1012,0.034
N005847,P003,1784,0.221
N005855,P214,1405,0.06
N005863,P003,819,0.05
N005871,P142,86,0.02
N005879,P044,1471,0.038
N005887,P200,1391,0.078
N005895,P094,894,0.052
N005903,P189,963,0.038
N005911,P088,2056,0.06
N005919,P003,1562,0.068
N005927,P001,2439,0.121
N005935,P106,1967,0.061
N005943,P071,1012,0.044
N005951,P215,1167,0.033
N005959,P094,653,0.035
N005967,P094,2062,0.053
N005975,P005,2254,0.11
N005983,P005,2293,0.141
N005991,P141,1679,0.062
N005999,P094,751,0.031
N006007,P089,1322,0.058
N006015,P058,1269,0.052
N006023,P077,1200,0.035
N006031,P136,875,0.04
N006039,P001,2278,0.099
N006047,P001,2246,0.125
N006055,P094,1082,0.041
N006063,P006,1908,0.178
N006071,P094,2410,0.076
N006079,P021,661,0.043
N006087,P044,1201,0.037
N006095,P006,1446,0.063
N006103,P228,1126,0.046
N006111,P004,955,0.045
N006119,P014,2569,0.084
N006127,P004,939,0.053
N006135,P006,742,0.035
N006143,P005,1770,0.073
N006151,P006,1050,0.048
N006159,P024,782,0.031
N006167,P072,1223,0.035
N006175,P189,420,0.023
N006183,P006,1180,0.053
N006191,P004,1625,0.072
N006199,P005,2366,0.114
N006207,P094,1069,0.047
N006215,P045,1772,0.045
N006223,P094,2964,0.092
N006231,P023,2206,0.063
N006239,P106,975,0.045
N006247,P003,1466,0.056
N006255,P005,2294,0.09
N006263,P059,336,0.033
N006271,P203,3375,0.102
N006279,P094,1955,0.077
N006287,P094,2300,0.064
N006295,P229,2877,0.091
N006303,P235,884,0.044
N006311,P088,891,0.025
N006319,P004,1007,0.04
N006327,P240,1224,0.047
N006335,P094,1199,0.044
N006343,P120,1829,0.045
N006351,P120,455,0.026
N006359,P005,1802,0.078
N006367,P146,2026,0.055
N006375,P006,792,0.04
N006383,P004,1630,0.05
N006391,P003,987,0.046
N006399,P002,2219,0.092
N006407,P002,2406,0.125
N006415,P097,2403,0.08
N006423,P079,2943,0.086
N006431,P044,517,0.038
N006439,P240,318,0.02
N006447,P141,688,0.031
N006455,P013,113,0.016
N006463,P094,2244,0.05
N006471,P151,172,0.021
N006479,P094,1571,0.046
N006487,P248,50,0.019
N006495,P240,1033,0.02
N006503,P180,762,0.028
N006511,P115,2764,0.07
N006519,P005,2382,0.139
N006527,P245,115,0.027
N006535,P003,947,0.031
N006543,P241,2004,0.044
N006551,P086,1277,0.041
N006559,P001,2291,0.107
N006567,P094,933,0.049
N006575,P146,346,0.024
N006583,P228,1180,0.04
N006591,P019,335,0.022
N006599,P001,2258,0.107
N006607,P088,2644,0.073
N006615,P061,1643,0.055
N006623,P002,2342,0.101
N006631,P142,158,0.028
N006639,P120,252,0.015
N006647,P004,1236,0.046
N006655,P001,2110,0.079
N006663,P001,1685,0.071
N006671,P002,2280,0.122
N006679,P232,808,0.041
N006687,P005,2430,0.131
N006695,P001,2242,0.104
N006703,P219,957,0.042
N006711,P240,689,0.029
N006719,P005,2263,0.102
N006727,P254,79,0.025
N006735,P002,2199,0.092
N006743,P020,257,0.032
N006751,P002,1843,0.069
N006759,P013,175,0.022
N006767,P005,2150,0.077
N006775,P046,84,0.024
N006783,P020,1596,0.052
N006791,P062,1259,0.045
N006799,P088,493,0.025
N006807,P093,2201,0.051
N006815,P094,2092,0.057
N006823,P001,2269,0.116
N006831,P094,2516,0.08
N006839,P004,1914,0.093
N006847,P258,1365,0.055
N006855,P240,1984,0.049
N006863,P005,2180,0.094
N006871,P207,1279,0.052
N006879,P167,1978,0.05
N006887,P002,1573,0.059
N006895,P146,2273,0.063
N006903,P006,1226,0.061
N006911,P002,2439,0.129
N006919,P003,1391,0.069
N006927,P094,477,0.028
N006935,P020,732,0.029
N006943,P177,2166,0.047
N006951,P221,179,0.024
N006959,P120,358,0.015
N006967,P094,2086,0.056
N006975,P005,2322,0.135
N006983,P094,785,0.038
N006991,P141,1205,0.033
N006999,P003,1777,0.069
N007007,P001,2436,0.107
N007015,P094,2833,0.089
N007023,P006,633,0.047
N007031,P004,1693,0.065
N007039,P115,263,0.027
N007047,P221,66,0.011
N007055,P094,591,0.018
N007063,P003,1735,0.072
N007071,P002,1481,0.061
N007079,P001,1924,0.097
N007087,P172,1341,0.044
N007095,P094,2054,0.057
N007103,P005,2317,0.112
N007111,P189,1920,0.07
N007119,P218,448,0.027
N007127,P002,2194,0.085
N007135,P094,1352,0.046
N007143,P227,1958,0.048
N007151,P099,1776,0.062
N007159,P185,755,0.034
N007167,P004,642,0.035
N007175,P176,2095,0.045
N007183,P006,994,0.052
N007191,P004,749,0.037
N007199,P094,2099,0.048
N007207,P136,1398,0.057
N007215,P227,1991,0.046
N007223,P179,1613,0.057
N007231,P004,1594,0.07
N007239,P241,1931,0.07
N007247,P003,1044,0.047
N007255,P020,720,0.027
N007263,P094,2566,0.07
N007271,P002,1105,0.051
N007279,P257,342,0.023
N007287,P005,2218,0.087
N007295,P002,2101,0.084
N007303,P002,2246,0.116
N007311,P020,1315,0.059
N007319,P006,1251,0.056
N007327,P232,1732,0.063
N007335,P147,1716,0.053
N007343,P004,971,0.048
N007351,P232,819,0.034
N007359,P119,433,0.027
N007367,P006,1294,0.056
N007375,P146,1133,0.032
N007383,P006,1028,0.046
N007391,P211,675,0.025
N007399,P013,202,0.017
N007407,P023,932,0.029
N007415,P088,443,0.02
N007423,P005,2209,0.099
N007431,P006,1440,0.064
N007439,P146,1212,0.043
N007447,P020,1224,0.035
N007455,P239,205,0.023
N007463,P094,606,0.026
N007471,P001,2282,0.096
N007479,P240,1234,0.054
N007487,P020,501,0.028
N007495,P002,2166,0.073
N007503,P002,1458,0.065
N007511,P005,2297,0.103
N007519,P166,994,0.045
N007527,P013,101,0.018
N007535,P137,3163,0.083
N007543,P002,2008,0.078
N007551,P225,1359,0.051
N007559,P094,1989,0.048
N007567,P204,1008,0.035
N007575,P003,742,0.041
N007583,P024,1083,0.034
N007591,P001,2192,0.081
N007599,P094,2256,0.065
N007607,P058,2019,0.05
N007615,P006,1814,0.08
N007623,P001,2321,0.096
N007631,P005,2188,0.083
N007639,P137,971,0.046
N007647,P001,2180,0.082
N007655,P240,3149,0.113
N007663,P094,2962,0.111
N007671,P163,1016,0.048
N007679,P108,2040,0.066
N007687,P006,1374,0.062
N007695,P089,2819,0.073
N007703,P240,1647,0.062
N007711,P094,1795,0.053
N007719,P112,1177,0.036
N007727,P219,3047,0.083
N007735,P240,1781,0.07
N007743,P006,1051,0.052
N007751,P248,2001,0.044
N007759,P004,1758,0.079
N007767,P026,1357,0.045
N007775,P039,2019,0.051
N007783,P036,2028,0.068
N007791,P216,2020,0.05
N007799,P001,2149,0.08
N007807,P004,1901,0.09
N007815,P005,1287,0.054
N007823,P003,768,0.041
N007831,P006,1626,0.057
N007839,P240,789,0.033
N007847,P003,1775,0.07
N007855,P006,1414,0.069
N007863,P006,2141,0.095
N007871,P004,826,0.047
N007879,P006,1619,0.052
N007887,P020,984,0.035
N007895,P094,999,0.028
N007903,P240,1787,0.053
N007911,P047,243,0.025
N007919,P020,814,0.037
N007927,P002,2242,0.103
N007935,P013,119,0.026
N007943,P088,1262,0.035
N007951,P002,2478,0.132
N007959,P006,1681,0.081
N007967,P094,866,0.034
N007975,P057,1180,0.037
N007983,P088,1571,0.05
N007991,P004,1104,0.047
N007999,P166,1257,0.045
N008007,P146,1075,0.038
N008015,P060,2060,0.125
N008023,P094,1180,0.055
N008031,P181,1848,0.056
N008039,P235,2796,0.095
N008047,P005,1555,0.082
N008055,P001,1409,0.053
N008063,P167,1017,0.043
N008071,P006,595,0.044
N008079,P094,1381,0.051
N008087,P003,1113,0.052
N008095,P136,1911,0.113
N008103,P001,2004,0.164
N008111,P003,1599,0.133
N008119,P053,1771,0.084
N008127,P011,210,0.034
N008135,P006,1324,0.074
N008143,P094,2314,0.075
N008151,P003,819,0.051
N008159,P031,1511,0.057
N008167,P131,340,0.026
N008175,P216,301,0.022
N008183,P004,1308,0.065
N008191,P044,2690,0.072
N008199,P089,2542,0.1
N008207,P094,1614,0.058
N008215,P094,1358,0.06
N008223,P240,2550,0.085
N008231,P215,1337,0.06
N008239,P031,1504,0.059
N008247,P073,2407,0.072
N008255,P208,2132,0.071
N008263,P094,1204,0.048
N008271,P002,2428,0.132
N008279,P220,552,0.038
N008287,P221,63,0.015
N008295,P004,1404,0.079
N008303,P120,2053,0.072
N008311,P005,2378,0.153
N008319,P004,1489,0.093
N008327,P240,2512,0.131
N008335,P094,2164,0.081
N008343,P003,1598,0.079
N008351,P044,774,0.045
N008359,P003,1332,0.043
N008367,P014,725,0.034
N008375,P001,1919,0.062
N008383,P240,1890,0.057
N008391,P228,851,0.037
N008399,P002,2427,0.125
N008407,P069,1249,0.045
N008415,P183,2202,0.057
N008423,P001,2135,0.093
N008431,P215,770,0.039
N008439,P003,1341,0.047
N008447,P028,2158,0.053
N008455,P041,2477,0.07
N008463,P160,900,0.042
N008471,P094,379,0.024
N008479,P002,2111,0.105
N008487,P232,1205,0.054
N008495,P001,1628,0.079
N008503,P006,1273,0.057
N008511,P003,1432,0.045
N008519,P062,2774,0.073
N008527,P060,651,0.042
N008535,P184,351,0.019
N008543,P196,1266,0.036
N008551,P094,460,0.026
N008559,P003,1320,0.056
N008567,P134,2027,0.052
N008575,P046,173,0.022
N008583,P004,1056,0.032
N008591,P235,855,0.034
N008599,P005,2236,0.095
N008607,P140,137,0.027
N008615,P189,1176,0.028
N008623,P045,2433,0.067
N008631,P020,759,0.041
N008639,P192,2016,0.046
N008647,P044,2534,0.076
N008655,P004,1469,0.073
N008663,P004,1827,0.078
N008671,P136,1136,0.043
N008679,P088,1222,0.042
N008687,P005,2074,0.09
N008695,P169,2106,0.058
N008703,P240,1333,0.053
N008711,P183,506,0.03
N008719,P005,2162,0.09
N008727,P003,1074,0.054
N008735,P009,890,0.033
N008743,P215,1261,0.033
N008751,P160,817,0.031
N008759,P006,1477,0.062
N008767,P044,2385,0.069
N008775,P240,263,0.031
N008783,P002,2233,0.104
N008791,P005,2133,0.107
N008799,P003,1670,0.075
N008807,P152,679,0.034
N008815,P044,2302,0.064
N008823,P004,1430,0.063
N008831,P003,1817,0.081
N008839,P094,723,0.039
N008847,P094,2314,0.059
N008855,P005,2312,0.109
N008863,P013,195,0.03
N008871,P002,2375,0.126
N008879,P043,875,0.042
N008887,P003,1364,0.046
N008895,P165,2767,0.068
N008903,P240,414,0.033
N008911,P241,1961,0.056
N008919,P002,2260,0.124
N008927,P044,2059,0.06
N008935,P006,915,0.049
N008943,P217,2124,0.052
N008951,P001,2350,0.107
N008959,P044,357,0.035
N008967,P244,112,0.013
N008975,P241,1149,0.035
N008983,P049,1142,0.036
N008991,P221,205,0.02
N008999,P003,1369,0.049
N009007,P001,2076,0.083
N009015,P020,2443,0.066
N009023,P006,891,0.051
N009031,P146,991,0.04
N009039,P003,1476,0.057
N009047,P002,2323,0.086
N009055,P004,1749,0.085
N009063,P017,176,0.022
N009071,P006,1758,0.065
N009079,P001,2327,0.107
N009087,P240,2594,0.08
N009095,P071,1840,0.074
N009103,P241,1721,0.063
N009111,P073,468,0.028
N009119,P192,1941,0.04
N009127,P002,2128,0.076
N009135,P215,2856,0.079
N009143,P020,451,0.037
N009151,P001,2048,0.076
N009159,P094,470,0.034
N009167,P005,1532,0.054
N009175,P072,350,0.026
N009183,P004,1472,0.059
N009191,P142,102,0.018
N009199,P005,2260,0.112
N009207,P146,2063,0.06
N009215,P232,1402,0.042
N009223,P146,632,0.032
N009231,P020,2403,0.06
N009239,P005,2411,0.133
N009247,P195,1914,0.071
N009255,P005,2397,0.093
N009263,P227,1577,0.063
N009271,P221,60,0.019
N009279,P001,1505,0.051
N009287,P142,78,0.018
N009295,P096,2648,0.061
N009303,P006,1391,0.058
N009311,P004,1485,0.068
N009319,P003,1047,0.044
N009327,P190,1057,0.029
N009335,P002,2439,0.113
N009343,P141,281,0.032
N009351,P013,230,0.016
N009359,P120,320,0.012
N009367,P240,1861,0.053
N009375,P087,1170,0.038
N009383,P004,1889,0.086
N009391,P240,1755,0.055
N009399,P094,2060,0.053
N009407,P223,1785,0.052
N009415,P063,441,0.028
N009423,P044,2854,0.071
N009431,P239,2229,0.065
N009439,P003,1761,0.079
N009447,P094,785,0.038
N009455,P002,2206,0.079
N009463,P003,1612,0.079
N009471,P004,1327,0.051
N009479,P094,1270,0.048
N009487,P194,3074,0.078
N009495,P003,1487,0.069
N009503,P105,2101,0.053
N009511,P098,2354,0.059
N009519,P001,2275,0.088
N009527,P197,3268,0.097
N009535,P181,1738,0.077
N009543,P217,558,0.03
N009551,P005,2299,0.098
N009559,P094,2172,0.072
N009567,P024,1142,0.038
N009575,P240,2240,0.05
N009583,P049,998,0.044
N009591,P096,1774,0.055
N009599,P020,549,0.034
N009607,P003,730,0.03
N009615,P221,212,0.018
N009623,P133,2168,0.045
N009631,P137,919,0.038
N009639,P077,2478,0.059
N009647,P013,23,0.023
N009655,P094,2124,0.041
N009663,P004,1144,0.05
N009671,P014,165,0.018
N009679,P005,2440,0.092
N009687,P002,1722,0.081
N009695,P126,178,0.022
N009703,P002,2162,0.082
N009711,P003,1754,0.08
N009719,P232,2318,0.058
N009727,P002,2354,0.132
N009735,P006,991,0.046
N009743,P116,2213,0.059
N009751,P002,2203,0.091
N009759,P001,1852,0.082
N009767,P002,2141,0.08
N009775,P006,1412,0.054
N009783,P004,1486,0.044
N009791,P207,1792,0.053
N009799,P094,2099,0.051
N009807,P003,1398,0.057
N009815,P003,1251,0.065
N009823,P002,2208,0.099
N009831,P094,968,0.041
N009839,P001,2235,0.104
N009847,P005,2505,0.11
N009855,P094,342,0.032
N009863,P006,795,0.035
N009871,P016,227,0.017
N009879,P094,2121,0.043
N009887,P006,1274,0.061
N009895,P232,949,0.039
N009903,P240,2464,0.066
N009911,P167,1343,0.047
N009919,P044,2556,0.064
N009927,P031,1459,0.055
N009935,P175,1207,0.044
N009943,P004,1410,0.048
N009951,P002,886,0.045
N009959,P066,176,0.017
N009967,P020,380,0.018
N009975,P067,1188,0.033
N009983,P031,2094,0.062
N009991,P094,3213,0.09
N009999,P001,2288,0.115
N010007,P020,1992,0.056
N010015,P259,148,0.022
N010023,P240,2402,0.054
N010031,P215,1644,0.055
N010039,P004,1633,0.072
N010047,P094,539,0.03
N010055,P065,234,0.016
N010063,P136,2066,0.042
N010071,P005,2315,0.096
N010079,P005,2141,0.085
N010087,P020,2660,0.073
N010095,P122,2038,0.059
N010103,P001,2172,0.083
N010111,P001,2373,0.111
N010119,P003,1006,0.051
N010127,P006,918,0.052
N010135,P094,2154,0.051
N010143,P094,545,0.085
N010151,P003,1717,0.111
N010159,P006,1501,0.071
N010167,P227,2590,0.094
N010175,P001,2196,0.115
N010183,P002,2413,0.127
N010191,P094,435,0.04
N010199,P094,2021,0.042
N010207,P006,1661,0.07
N010215,P001,2367,0.118
N010223,P004,1845,0.093
N010231,P001,2167,0.089
N010239,P141,820,0.049
N010247,P227,1206,0.034
N010255,P094,1605,0.053
N010263,P044,1280,0.066
N010271,P094,2038,0.073
N010279,P238,1775,0.098
N010287,P236,1399,0.073
N010295,P003,1598,0.115
N010303,P002,2199,0.092
N010311,P005,2160,0.108
N010319,P112,1082,0.058
N010327,P005,2161,0.08
N010335,P002,2007,0.077
N010343,P098,551,0.028
N010351,P006,1437,0.054
N010359,P260,929,0.038
N010367,P216,1425,0.051
N010375,P176,2615,0.078
N010383,P004,776,0.051
N010391,P044,630,0.032
N010399,P207,2711,0.069
N010407,P247,1766,0.056
N010415,P232,1073,0.043
N010423,P240,1315,0.042
N010431,P041,2374,0.071
N010439,P001,2156,0.089
N010447,P240,2370,0.066
N010455,P153,140,0.027
N010463,P122,1141,0.029
N010471,P207,1061,0.038
N010479,P094,2422,0.059
N010487,P189,476,0.034
N010495,P005,2483,0.323
N010503,P240,2323,0.078
N010511,P020,2503,0.087
N010519,P142,99,0.029
N010527,P232,2312,0.054
N010535,P005,1575,0.069
N010543,P087,1055,0.047
N010551,P094,572,0.03
N010559,P094,301,0.022
N010567,P115,2619,0.077
N010575,P024,1333,0.047
N010583,P006,1313,0.041
N010591,P120,487,0.025
N010599,P203,2659,0.059
N010607,P005,2303,0.132
N010615,P020,1900,0.063
N010623,P195,899,0.04
N010631,P028,1104,0.037
N010639,P001,1607,0.069
N010647,P003,1163,0.043
N010655,P003,1551,0.062
N010663,P094,537,0.033
N010671,P094,2532,0.069
N010679,P167,2346,0.085
N010687,P005,2145,0.103
N010695,P005,2082,0.087
N010703,P058,2571,0.081
N010711,P224,1703,0.064
N010719,P227,1146,0.046
N010727,P056,2638,0.067
N010735,P094,1399,0.056
N010743,P240,778,0.036
N010751,P044,1354,0.044
N010759,P003,1471,0.063
N010767,P094,2096,0.065
N010775,P094,2069,0.054
N010783,P020,1757,0.047
N010791,P094,2152,0.051
N010799,P020,210,0.029
N010807,P003,1580,0.039
N010815,P183,1487,0.057
N010823,P004,1832,0.078
N010831,P004,1502,0.064
N010839,P117,190,0.021
N010847,P120,769,0.027
N010855,P003,922,0.043
N010863,P202,407,0.019
N010871,P245,209,0.014
N010879,P167,1830,0.045
N010887,P088,242,0.02
N010895,P006,1825,0.073
N010903,P042,2521,0.068
N010911,P215,2035,0.056
N010919,P004,1533,0.06
N010927,P120,1030,0.036
N010935,P002,2063,0.06
N010943,P005,2233,0.111
N010951,P199,2939,0.084
N010959,P088,835,0.042
N010967,P003,1418,0.049
N010975,P031,2203,0.055
N010983,P094,948,0.04
N010991,P200,518,0.026
N010999,P240,1470,0.045
N011007,P020,1564,0.05
N011015,P181,988,0.041
N011023,P088,807,0.027
N011031,P215,163,0.017
N011039,P004,1588,0.055
N011047,P045,797,0.038
N011055,P001,2284,0.112
N011063,P094,813,0.048
N011071,P001,2185,0.108
N011079,P002,2042,0.092
N011087,P044,2466,0.08
N011095,P182,1155,0.049
N011103,P098,482,0.023
N011111,P002,2134,0.082
N011119,P092,2533,0.084
N011127,P004,802,0.048
N011135,P122,1542,0.052
N011143,P002,2249,0.104
N011151,P005,2408,0.104
N011159,P094,884,0.042
N011167,P013,216,0.018
N011175,P131,212,0.014
N011183,P001,2246,0.107
N011191,P002,2391,0.122
N011199,P164,1015,0.045
N011207,P003,636,0.036
N011215,P002,2249,0.104
N011223,P197,1084,0.041
N011231,P098,1941,0.043
N011239,P094,2049,0.05
N011247,P094,964,0.04
N011255,P167,606,0.028
N011263,P116,2409,0.091
N011271,P215,2192,0.066
N011279,P004,1588,0.071
N011287,P002,2299,0.119
N011295,P227,568,0.035
N011303,P004,1635,0.057
N011311,P004,1167,0.052
N011319,P026,1458,0.055
N011327,P221,107,0.02
N011335,P004,1115,0.038
N011343,P002,2138,0.076
N011351,P209,129,0.025
N011359,P013,124,0.011
N011367,P136,2032,0.043
N011375,P207,1037,0.045
N011383,P005,2399,0.098
N011391,P094,432,0.033
N011399,P094,2187,0.05
N011407,P225,491,0.035
N011415,P004,1562,0.054
N011423,P106,1520,0.047
N011431,P088,2076,0.062
N011439,P020,2637,0.074
N011447,P083,2080,0.06
N011455,P001,2144,0.083
N011463,P094,1618,0.065
N011471,P240,2175,0.056
N011479,P215,275,0.028
N011487,P104,2052,0.042
N011495,P006,1240,0.065
N011503,P094,906,0.041
N011511,P001,1603,0.066
N011519,P094,1485,0.051
N011527,P003,1338,0.064
N011535,P094,2216,0.057
N011543,P229,1310,0.045
N011551,P200,2845,0.08
N011559,P240,2051,0.06
N011567,P031,1960,0.061
N011575,P169,2062,0.047
N011583,P001,2383,0.102
N011591,P001,2223,0.115
N011599,P002,2031,0.083
N011607,P099,1247,0.054
N011615,P104,2175,0.053
N011623,P240,308,0.03
N011631,P002,2419,0.119
N011639,P199,2523,0.071
N011647,P004,1373,0.068
N011655,P006,1808,0.078
N011663,P003,1903,0.081
N011671,P113,886,0.038
N011679,P001,2208,0.095
N011687,P214,2380,0.077
N011695,P002,2120,0.087
N011703,P094,1659,0.056
N011711,P094,1687,0.052
N011719,P183,659,0.033
N011727,P094,1155,0.039
N011735,P215,1170,0.032
N011743,P002,2097,0.093
N011751,P216,1298,0.058
N011759,P080,1474,0.047
N011767,P094,1107,0.041
N011775,P094,2451,0.06
N011783,P094,463,0.031
N011791,P094,258,0.015
N011799,P002,1469,0.048
N011807,P140,137,0.019
N011815,P189,221,0.013
N011823,P232,1375,0.03
N011831,P159,553,0.028
N011839,P122,2867,0.063
N011847,P199,2447,0.068
N011855,P211,617,0.035
N011863,P001,2193,0.08
N011871,P006,1692,0.082
N011879,P094,1683,0.058
N011887,P044,1841,0.056
N011895,P227,1976,0.056
N011903,P021,1587,0.056
N011911,P042,1103,0.04
N011919,P181,1256,0.034
N011927,P207,2390,0.066
N011935,P019,2908,0.1
N011943,P001,2156,0.084
N011951,P053,2449,0.067
N011959,P003,1473,0.06
N011967,P193,805,0.033
N011975,P227,1812,0.043
N011983,P152,2693,0.07
N011991,P002,2397,0.114
N011999,P189,148,0.03
N000008,P094,2106,0.051
N000016,P098,644,0.033
N000024,P215,1565,0.051
N000032,P207,150,0.02
N000040,P094,783,0.026
N000048,P094,1538,0.046
N000056,P002,2277,0.11
N000064,P004,640,0.041
N000072,P236,1421,0.036
N000080,P021,1151,0.041
N000088,P239,1276,0.039
N000096,P069,2222,0.052
N000104,P216,2267,0.059
N000112,P130,450,0.035
N000120,P240,1460,0.033
N000128,P006,687,0.04
N000136,P229,1058,0.031
N000144,P001,2335,0.125
N000152,P065,1357,0.043
N000160,P215,1745,0.052
N000168,P094,2596,0.061
N000176,P228,1791,0.059
N000184,P005,2141,0.105
N000192,P180,575,0.032
N000200,P002,2332,0.106
N000208,P005,2371,0.147
N000216,P094,2188,0.072
N000224,P109,1200,0.034
N000232,P026,375,0.021
N000240,P005,2092,0.068
N000248,P001,2094,0.095
N000256,P056,2385,0.069
N000264,P153,241,0.031
N000272,P094,2266,0.048
N000280,P094,370,0.031
N000288,P094,1467,0.059
N000296,P006,1416,0.07
N000304,P020,905,0.035
N000312,P167,2453,0.065
N000320,P240,1158,0.05
N000328,P004,1732,0.078
N000336,P215,576,0.028
N000344,P071,2857,0.066
N000352,P002,2320,0.119
N000360,P006,1675,0.071
N000368,P181,442,0.028
N000376,P139,2293,0.047
N000384,P002,2216,0.115
N000392,P094,779,0.034
N000400,P044,1195,0.035
N000408,P227,715,0.03
N000416,P094,548,0.025
N000424,P002,2293,0.083
N000432,P046,111,0.026
N000440,P094,1845,0.053
N000448,P230,748,0.037
N000456,P094,1070,0.026
N000464,P146,2447,0.087
N000472,P089,665,0.041
N000480,P105,324,0.021
N000488,P242,887,0.028
N000496,P094,2269,0.05
N000504,P003,1446,0.069
N000512,P079,2231,0.079
N000520,P020,1407,0.041
N000528,P093,1815,0.05
N000536,P094,710,0.03
N000544,P240,537,0.131
N000552,P163,2411,0.069
N000560,P005,2086,0.13
N000568,P005,2165,0.114
N000576,P005,2101,0.166
N000584,P094,1150,0.042
N000592,P215,1618,0.05
N000600,P134,628,0.039
N000608,P005,2157,0.091
N000616,P094,496,0.037
N000624,P094,1183,0.042
N000632,P242,2586,0.085
N000640,P005,2310,0.136
N000648,P042,1929,0.059
N000656,P001,2284,0.118
N000664,P069,1074,0.037
N000672,P002,2291,0.099
N000680,P227,1707,0.065
N000688,P020,1707,0.055
N000696,P228,884,0.031
N000704,P094,1726,0.042
N000712,P143,1040,0.04
N000720,P028,1212,0.039
N000728,P141,1113,0.04
N000736,P167,2079,0.049
N000744,P020,497,0.033
N000752,P094,250,0.019
N000760,P073,2213,0.049
N000768,P120,477,0.031
N000776,P235,890,0.031
N000784,P215,2447,0.273
N000792,P014,2128,0.07
N000800,P132,2039,0.061
N000808,P003,1148,0.058
N000816,P094,1276,0.042
N000824,P004,622,0.044
N000832,P004,1518,0.064
N000840,P001,1968,0.08
N000848,P106,566,0.035
N000856,P131,298,0.017
N000864,P198,2638,0.069
N000872,P221,161,0.028
N000880,P240,280,0.015
N000888,P094,2570,0.056
N000896,P094,1145,0.041
N000904,P225,2155,0.068
N000912,P071,2183,0.052
N000920,P181,2021,0.052
N000928,P242,78,0.02
N000936,P116,1448,0.044
N000944,P189,229,0.024
N000952,P002,2269,0.104
N000960,P005,2233,0.098
N000968,P181,1261,0.055
N000976,P039,1592,0.057
N000984,P003,1698,0.073
N000992,P044,1433,0.055
N001000,P167,2814,0.079
N001008,P001,1666,0.077
N001016,P221,100,0.021
N001024,P200,1745,0.044
N001032,P251,940,0.045
N001040,P006,946,0.042
N001048,P227,1996,0.044
N001056,P001,2543,0.126
N001064,P005,2303,0.114
N001072,P005,2423,0.123
N001080,P073,2071,0.058
N001088,P004,1662,0.075
N001096,P002,1298,0.057
N001104,P063,1488,0.052
N001112,P232,971,0.035
N001120,P240,1486,0.048
N001128,P136,967,0.042
N001136,P180,297,0.019
N001144,P181,2200,0.046
N001152,P181,2572,0.07
N001160,P004,2057,0.11
N001168,P253,853,0.041
N001176,P232,2233,0.061
N001184,P073,3043,0.09
N001192,P063,2068,0.058
N001200,P005,2012,0.109
N001208,P001,2137,0.104
N001216,P001,2220,0.11
N001224,P094,1406,0.052
N001232,P006,515,0.038
N001240,P005,1633,0.063
N001248,P003,1219,0.044
N001256,P236,2193,0.057
N001264,P114,71,0.021
N001272,P002,2226,0.095
N001280,P002,1635,0.07
N001288,P005,2308,0.11
N001296,P004,1584,0.08
N001304,P048,624,0.034
N001312,P235,895,0.034
N001320,P062,197,0.017
N001328,P183,382,0.017
N001336,P020,776,0.021
N001344,P106,1618,0.043
N001352,P003,884,0.046
N001360,P094,995,0.035
N001368,P094,1414,0.035
N001376,P003,1097,0.051
N001384,P006,660,0.03
N001392,P002,2116,0.067
N001400,P094,1904,0.064
N001408,P056,1077,0.038
N001416,P181,775,0.031
N001424,P003,1358,0.045
N001432,P003,1466,0.066
N001440,P240,2532,0.089
N001448,P153,174,0.029
N001456,P002,2231,0.096
N001464,P094,1324,0.053
N001472,P183,1002,0.041
N001480,P020,1306,0.048
N001488,P062,1645,0.053
N001496,P146,606,0.028
N001504,P200,1268,0.039
N001512,P181,1119,0.042
N001520,P003,1810,0.071
N001528,P001,1957,0.063
N001536,P060,690,0.04
N001544,P225,3008,0.081
N001552,P002,2254,0.107
N001560,P044,416,0.035
N001568,P003,1664,0.06
N001576,P005,1126,0.046
N001584,P222,874,0.033
N001592,P003,1903,0.079
N001600,P167,753,0.044
N001608,P004,1261,0.058
N001616,P004,1709,0.074
N001624,P244,55,0.017
N001632,P013,1946,0.037
N001640,P096,1205,0.049
N001648,P094,1441,0.055
N001656,P004,1180,0.054
N001664,P071,1150,0.035
N001672,P003,1788,0.066
N001680,P004,1225,0.057
N001688,P094,628,0.031
N001696,P044,574,0.023
N001704,P002,1822,0.07
N001712,P001,1435,0.066
N001720,P003,470,0.028
N001728,P003,1262,0.048
N001736,P020,913,0.037
N001744,P089,1190,0.04
N001752,P240,1512,0.054
N001760,P094,2078,0.052
N001768,P232,2028,0.048
N001776,P003,785,0.052
N001784,P004,1404,0.056
N001792,P073,1599,0.054
N001800,P041,1780,0.063
N001808,P094,705,0.029
N001816,P003,1683,0.057
N001824,P005,2086,0.108
N001832,P003,1283,0.063
N001840,P020,136,0.022
N001848,P006,1665,0.059
N001856,P094,277,0.024
N001864,P006,1691,0.065
N001872,P001,2358,0.125
N001880,P005,2411,0.119
N001888,P033,2248,0.069
N001896,P215,1641,0.062
N001904,P255,2257,0.055
N001912,P002,2239,0.105
N001920,P216,2472,0.069
N001928,P002,2167,0.086
N001936,P221,1957,0.052
N001944,P005,2381,0.105
N001952,P006,1741,0.07
N001960,P094,1165,0.035
N001968,P006,771,0.035
N001976,P137,2321,0.056
N001984,P003,722,0.043
N001992,P013,663,0.022
N002000,P173,793,0.024
N002008,P026,1461,0.048
N002016,P094,1865,0.062
N002024,P240,3003,0.091
N002032,P095,2061,0.064
N002040,P189,1200,0.053
N002048,P146,1890,0.065
N002056,P004,1163,0.049
N002064,P002,2177,0.094
N002072,P006,982,0.052
N002080,P005,2202,0.093
N002088,P006,686,0.04
N002096,P001,2210,0.081
N002104,P194,832,0.043
N002112,P044,1821,0.059
N002120,P094,1460,0.05
N002128,P005,1800,0.069
N002136,P088,569,0.028
N002144,P253,2596,0.056
N002152,P006,1346,0.064
N002160,P006,1581,0.057
N002168,P001,1971,0.09
N002176,P215,2387,0.085
N002184,P238,1658,0.053
N002192,P002,2193,0.09
N002200,P004,682,0.045
N002208,P098,591,0.025
N002216,P094,1438,0.044
N002224,P003,1724,0.066
N002232,P199,1816,0.047
N002240,P136,842,0.037
N002248,P092,884,0.027
N002256,P125,826,0.026
N002264,P002,2378,0.114
N002272,P172,255,0.03
N002280,P003,741,0.023
N002288,P094,756,0.028
N002296,P163,875,0.031
N002304,P006,1133,0.044
N002312,P094,2825,0.068
N002320,P004,1654,0.07
N002328,P221,104,0.021
N002336,P004,915,0.039
N002344,P001,1639,0.057
N002352,P181,1773,0.057
N002360,P006,1842,0.074
N002368,P006,1184,0.051
N002376,P004,1228,0.052
N002384,P004,1330,0.047
N002392,P020,2531,0.064
N002400,P013,172,0.028
N002408,P004,1358,0.047
N002416,P002,2225,0.096
N002424,P147,2205,0.059
N002432,P001,2109,0.08
N002440,P165,2437,0.067
N002448,P006,1710,0.076
N002456,P044,1327,0.042
N002464,P097,1412,0.093
N002472,P094,576,0.045
N002480,P001,2370,0.094
N002488,P114,658,0.044
N002496,P240,749,0.042
N002504,P200,1501,0.053
N002512,P199,511,0.057
N002520,P054,2525,0.08
N002528,P042,2233,0.077
N002536,P088,1105,0.048
N002544,P001,973,0.042
N002552,P002,2273,0.117
N002560,P214,1526,0.052
N002568,P042,1171,0.04
N002576,P094,260,0.019
N002584,P006,1807,0.073
N002592,P240,1317,0.046
N002600,P002,2099,0.091
N002608,P094,1397,0.056
N002616,P094,1185,0.041
N002624,P006,1416,0.065
N002632,P006,1451,0.052
N002640,P094,1302,0.058
N002648,P061,2847,0.081
N002656,P001,2298,0.123
N002664,P181,420,0.036
N002672,P004,1157,0.048
N002680,P141,2637,0.07
N002688,P002,2269,0.132
N002696,P003,981,0.055
N002704,P044,916,0.04
N002712,P002,1866,0.076
N002720,P013,73,0.02
N002728,P094,1197,0.044
N002736,P044,2614,0.066
N002744,P041,1404,0.051
N002752,P005,2514,0.153
N002760,P250,967,0.05
N002768,P004,1581,0.256
N002776,P006,1330,0.077
N002784,P005,2322,0.167
N002792,P001,2392,0.251
N002800,P037,364,0.046
N002808,P200,2672,0.081
N002816,P200,2075,0.068
N002824,P003,1553,0.1
N002832,P189,1490,0.048
N002840,P020,1037,0.057
N002848,P006,1385,0.074
N002856,P094,1714,0.054
N002864,P005,2155,0.145
N002872,P227,1691,0.065
N002880,P001,2714,0.159
N002888,P006,1686,0.089
N002896,P215,579,0.032
N002904,P125,620,0.026
N002912,P140,133,0.019
N002920,P052,2588,0.066
N002928,P004,1620,0.08
N002936,P001,2387,0.112
N002944,P003,1574,0.072
N002952,P076,956,0.049
N002960,P003,1409,0.072
N002968,P013,129,0.023
N002976,P094,1430,0.046
N002984,P228,1538,0.052
N002992,P003,968,0.046
N003000,P193,2569,0.066
N003008,P211,421,0.038
N003016,P046,118,0.016
N003024,P094,350,0.024
N003032,P001,2080,0.065
N003040,P006,1621,0.08
N003048,P240,430,0.028
N003056,P088,1005,0.034
N003064,P094,250,0.023
N003072,P240,868,0.027
N003080,P005,2154,0.087
N003088,P213,933,0.039
N003096,P005,2273,0.108
N003104,P006,611,0.045
N003112,P004,1745,0.065
N003120,P006,670,0.041
N003128,P013,67,0.016
N003136,P020,2697,0.079
N003144,P001,2132,0.099
N003152,P197,1324,0.048
N003160,P091,709,0.035
N003168,P087,2286,0.058
N003176,P002,2321,0.133
N003184,P240,995,0.047
N003192,P001,2317,0.116
N003200,P061,1224,0.045
N003208,P003,1216,0.061
N003216,P234,1364,0.052
N003224,P005,2265,0.116
N003232,P004,1025,0.061
N003240,P094,1101,0.038
N003248,P001,1616,0.067
N003256,P005,1967,0.1
N003264,P097,368,0.036
N003272,P109,1120,0.036
N003280,P006,1268,0.058
N003288,P001,777,0.042
N003296,P229,1151,0.039
N003304,P006,1462,0.062
N003312,P240,1366,0.046
N003320,P255,1681,0.054
N003328,P065,607,0.035
N003336,P004,1698,0.069
N003344,P002,2238,0.101
N003352,P006,900,0.05
N003360,P020,147,0.018
N003368,P001,2178,0.093
N003376,P094,2193,0.081
N003384,P215,397,0.031
N003392,P215,3027,0.095
N003400,P200,1118,0.055
N003408,P003,1417,0.049
N003416,P240,1439,0.055
N003424,P002,2450,0.127
N003432,P001,2257,0.121
N003440,P141,2056,0.06
N003448,P003,768,0.042
N003456,P003,890,0.043
N003464,P200,884,0.03
N003472,P249,2064,0.051
N003480,P004,1320,0.052
N003488,P240,1018,0.046
N003496,P236,1570,0.051
N003504,P006,962,0.046
N003512,P146,902,0.035
N003520,P229,2523,0.062
N003528,P006,601,0.042
N003536,P020,2646,0.071
N003544,P013,100,0.029
N003552,P001,2397,0.092
N003560,P001,2316,0.111
N003568,P094,2058,0.062
N003576,P005,1483,0.07
N003584,P003,1335,0.068
N003592,P089,2250,0.056
N003600,P020,1888,0.063
N003608,P002,2256,0.117
N003616,P094,2269,0.066
N003624,P240,1979,0.053
N003632,P005,2237,0.099
N003640,P001,776,0.044
N003648,P046,215,0.019
N003656,P215,1782,0.047
N003664,P042,1468,0.054
N003672,P006,1052,0.049
N003680,P192,430,0.023
N003688,P005,2322,0.12
N003696,P005,2130,0.085
N003704,P116,2146,0.076
N003712,P094,1002,0.04
N003720,P046,218,0.022
N003728,P081,2214,0.062
N003736,P094,1016,0.042
N003744,P041,1209,0.043
N003752,P179,356,0.026
N003760,P094,1651,0.044
N003768,P188,977,0.038
N003776,P122,3086,0.085
N003784,P240,1701,0.06
N003792,P129,1473,0.056
N003800,P073,983,0.042
N003808,P001,2358,0.092
N003816,P002,2282,0.103
N003824,P094,1964,0.057
N003832,P200,1924,0.06
N003840,P231,1653,0.063
N003848,P006,781,0.043
N003856,P094,818,0.033
N003864,P004,775,0.033
N003872,P066,125,0.017
N003880,P005,2228,0.084
N003888,P003,765,0.044
N003896,P004,1224,0.057
N003904,P002,2239,0.108
N003912,P227,1978,0.058
N003920,P202,2538,0.079
N003928,P006,1208,0.07
N003936,P004,1146,0.051
N003944,P229,432,0.028
N003952,P002,2119,0.076
N003960,P071,650,0.04
N003968,P002,2253,0.123
N003976,P079,1922,0.059
N003984,P004,984,0.047
N003992,P235,1887,0.058
N004000,P219,752,0.038
N004008,P248,1915,0.044
N004016,P002,1694,0.07
N004024,P094,2069,0.055
N004032,P094,2510,0.083
N004040,P232,245,0.031
N004048,P005,2356,0.102
N004056,P191,639,0.038
N004064,P034,1115,0.038
N004072,P150,1827,0.05
N004080,P002,2260,0.113
N004088,P181,750,0.042
N004096,P135,2026,0.058
N004104,P006,1022,0.047
N004112,P002,2273,0.118
N004120,P003,968,0.059
N004128,P225,2010,0.059
N004136,P020,2729,0.083
N004144,P001,2292,0.132
N004152,P019,1274,0.053
N004160,P094,2669,0.071
N004168,P001,1359,0.067
N004176,P004,1093,0.049
N004184,P002,2379,0.129
N004192,P172,3042,0.091
N004200,P073,814,0.045
N004208,P112,806,0.035
N004216,P050,926,0.033
N004224,P166,626,0.033
N004232,P245,66,0.015
N004240,P147,395,0.017
N004248,P169,2104,0.047
N004256,P006,1536,0.067
N004264,P120,1963,0.048
N004272,P014,615,0.034
N004280,P240,1486,0.045
N004288,P202,70,0.02
N004296,P111,390,0.018
N004304,P096,1711,0.039
N004312,P231,2020,0.055
N004320,P001,2200,0.098
N004328,P052,1927,0.055
N004336,P231,1489,0.046
N004344,P094,1210,0.04
N004352,P094,477,0.029
N004360,P227,1242,0.04
N004368,P020,494,0.029
N004376,P005,1336,0.058
N004384,P078,2160,0.075
N004392,P001,2204,0.11
N004400,P002,1989,0.082
N004408,P240,1970,0.074
N004416,P094,932,0.035
N004424,P001,2161,0.095
N004432,P094,2403,0.075
N004440,P081,1099,0.047
N004448,P143,564,0.031
N004456,P002,1858,0.075
N004464,P228,782,0.042
N004472,P203,2590,0.065
N004480,P091,1507,0.06
N004488,P003,2007,0.095
N004496,P228,971,0.038
N004504,P200,225,0.018
N004512,P003,1423,0.062
N004520,P098,324,0.024
N004528,P235,1547,0.041
N004536,P044,2590,0.07
N004544,P005,2352,0.129
N004552,P184,1327,0.051
N004560,P087,2717,0.082
N004568,P005,2186,0.1
N004576,P013,168,0.027
N004584,P242,1591,0.049
N004592,P180,336,0.022
N004600,P004,1260,0.055
N004608,P004,982,0.046
N004616,P084,115,0.016
N004624,P005,1967,0.087
N004632,P004,2024,0.096
N004640,P122,551,0.03
N004648,P239,2923,0.07
N004656,P006,1444,0.07
N004664,P005,2221,0.095
N004672,P001,2133,0.094
N004680,P001,2220,0.1
N004688,P094,2068,0.059
N004696,P200,2005,0.063
N004704,P156,1896,0.048
N004712,P001,2126,0.098
N004720,P131,159,0.027
N004728,P006,1453,0.047
N004736,P001,2132,0.104
N004744,P094,630,0.041
N004752,P004,1096,0.048
N004760,P232,637,0.03
N004768,P161,2132,0.051
N004776,P006,1636,0.073
N004784,P227,2008,0.052
N004792,P228,1281,0.037
N004800,P094,1057,0.041
N004808,P094,2390,0.057
N004816,P229,1066,0.052
N004824,P181,1749,0.052
N004832,P215,808,0.037
N004840,P143,1764,0.075
N004848,P002,2349,0.166
N004856,P001,2328,0.116
N004864,P189,2438,0.081
N004872,P255,159,0.298
N004880,P094,931,0.052
N004888,P002,2100,0.133
N004896,P044,829,0.06
N004904,P044,1281,0.08
N004912,P233,72,0.026
N004920,P001,2262,0.099
N004928,P020,1021,0.047
N004936,P096,860,0.034
N004944,P002,2328,0.138
N004952,P001,1968,0.11
N004960,P094,368,0.036
N004968,P189,598,0.03
N004976,P215,598,0.019
N004984,P004,1391,0.057
N004992,P003,1480,0.076
N005000,P058,1399,0.044
N005008,P005,2401,0.094
N005016,P004,1017,0.054
N005024,P171,1115,0.044
N005032,P006,1686,0.071
N005040,P235,391,0.032
N005048,P227,490,0.021
N005056,P253,1169,0.038
N005064,P006,1935,0.087
N005072,P005,2436,0.152
N005080,P003,1210,0.069
N005088,P225,1797,0.048
N005096,P144,2187,0.069
N005104,P064,1202,0.05
N005112,P020,726,0.033
N005120,P189,511,0.027
N005128,P004,1628,0.065
N005136,P094,2441,0.086
N005144,P094,3117,0.091
N005152,P006,1586,0.078
N005160,P041,1689,0.062
N005168,P003,853,0.052
N005176,P094,1065,0.039
N005184,P215,1698,0.055
N005192,P003,719,0.042
N005200,P094,1143,0.043
N005208,P003,765,0.038
N005216,P061,863,0.032
N005224,P143,917,0.032
N005232,P094,1358,0.039
N005240,P003,948,0.052
N005248,P002,2233,0.083
N005256,P181,2111,0.063
N005264,P160,2553,0.071
N005272,P006,1330,0.073
N005280,P091,2433,0.093
N005288,P005,2390,0.135
N005296,P094,1728,0.056
N005304,P122,1102,0.041
N005312,P006,1860,0.09
N005320,P004,1054,0.05
N005328,P114,235,0.02
N005336,P001,2150,0.077
N005344,P094,2306,0.07
N005352,P003,1169,0.087
N005360,P057,1625,0.067
N005368,P094,432,0.034
N005376,P240,1046,0.035
N005384,P094,1904,0.057
N005392,P001,2282,0.126
N005400,P221,216,0.032
N005408,P004,1823,0.078
N005416,P004,1813,0.081
N005424,P004,1391,0.059
N005432,P166,399,0.028
N005440,P193,2708,0.07
N005448,P094,2531,0.088
N005456,P120,816,0.039
N005464,P004,1277,0.059
N005472,P005,1274,0.056
N005480,P001,1750,0.065
N005488,P081,533,0.03
N005496,P044,1142,0.038
N005504,P195,492,0.026
N005512,P232,1035,0.036
N005520,P006,1600,0.057
N005528,P001,2130,0.087
N005536,P094,647,0.04
N005544,P001,1404,0.06
N005552,P094,650,0.029
N005560,P143,2441,0.067
N005568,P240,1974,0.056
N005576,P073,432,0.03
N005584,P094,1091,0.038
N005592,P181,1407,0.046
N005600,P006,1579,0.071
N005608,P004,1796,0.078
N005616,P094,2540,0.073
N005624,P077,2243,0.065
N005632,P214,1716,0.05
N005640,P240,2277,0.072
N005648,P006,1508,0.074
N005656,P006,944,0.039
N005664,P120,2161,0.053
N005672,P195,552,0.038
N005680,P152,1153,0.037
N005688,P227,2000,0.068
N005696,P006,1497,0.062
N005704,P094,2056,0.053
N005712,P003,795,0.045
N005720,P044,1994,0.047
N005728,P088,727,0.031
N005736,P001,1970,0.08
N005744,P004,972,0.046
N005752,P244,141,0.018
N005760,P240,2754,0.089
N005768,P120,119,0.029
N005776,P142,141,0.012
N005784,P001,2142,0.091
N005792,P003,1205,0.06
N005800,P020,2400,0.059
N005808,P124,1026,0.045
N005816,P094,744,0.027
N005824,P003,1628,0.072
N005832,P020,471,0.028
N005840,P003,1488,0.056
N005848,P058,1847,0.061
N005856,P221,88,0.022
N005864,P005,2410,0.122
N005872,P033,2127,0.063
N005880,P189,2250,0.08
N005888,P240,760,0.036
N005896,P002,2287,0.115
N005904,P006,1494,0.064
N005912,P003,1914,0.08
N005920,P001,2013,0.091
N005928,P006,1184,0.069
N005936,P136,1969,0.051
N005944,P260,2419,0.064
N005952,P013,148,0.029
N005960,P005,2096,0.067
N005968,P004,1631,0.077
N005976,P003,895,0.044
N005984,P196,1613,0.045
N005992,P044,2192,0.071
N006000,P001,1949,0.096
N006008,P215,2546,0.074
N006016,P168,1472,0.067
N006024,P215,1199,0.034
N006032,P020,484,0.024
N006040,P077,2660,0.063
N006048,P165,2601,0.094
N006056,P002,1913,0.097
N006064,P003,1558,0.067
N006072,P116,1103,0.034
N006080,P003,1146,0.056
N006088,P053,1357,0.046
N006096,P003,1446,0.062
N006104,P001,2195,0.094
N006112,P002,2411,0.119
N006120,P020,2367,0.079
N006128,P041,1975,0.052
N006136,P002,2377,0.115
N006144,P006,1484,0.079
N006152,P094,284,0.029
N006160,P003,1032,0.038
N006168,P001,1997,0.093
N006176,P002,1950,0.091
N006184,P215,872,0.046
N006192,P001,2398,0.126
N006200,P003,595,0.043
N006208,P003,1698,0.075
N006216,P002,2205,0.093
N006224,P004,1153,0.056
N006232,P211,2196,0.061
N006240,P005,2253,0.11
N006248,P020,1119,0.039
N006256,P001,2376,0.099
N006264,P004,1786,0.09
N006272,P181,95,0.02
N006280,P035,2183,0.045
N006288,P002,2229,0.1
N006296,P044,2877,0.095
N006304,P025,181,0.033
N006312,P094,1257,0.029
N006320,P001,1345,0.048
N006328,P002,2232,0.094
N006336,P199,1176,0.052
N006344,P181,1868,0.06
N006352,P020,2933,0.088
N006360,P005,2194,0.117
N006368,P094,999,0.048
N006376,P215,2952,0.073
N006384,P003,1108,0.067
N006392,P002,1572,0.065
N006400,P001,2033,0.085
N006408,P094,439,0.034
N006416,P004,1619,0.063
N006424,P215,2173,0.056
N006432,P044,772,0.036
N006440,P004,1013,0.04
N006448,P081,744,0.036
N006456,P189,1356,0.052
N006464,P200,2400,0.064
N006472,P127,973,0.043
N006480,P005,2348,0.112
N006488,P004,1102,0.054
N006496,P044,1035,0.028
N006504,P005,2122,0.09
N006512,P001,2260,0.096
N006520,P087,299,0.029
N006528,P003,1710,0.064
N006536,P044,1202,0.044
N006544,P001,2244,0.096
N006552,P040,1445,0.053
N006560,P006,754,0.041
N006568,P003,810,0.04
N006576,P002,2317,0.116
N006584,P224,1180,0.056
N006592,P120,90,0.016
N006600,P229,1505,0.038
N006608,P005,2084,0.1
N006616,P094,1498,0.048
N006624,P094,2042,0.055
N006632,P003,1286,0.062
N006640,P003,1244,0.061
N006648,P240,278,0.023
N006656,P094,1215,0.035
N006664,P240,1612,0.047
N006672,P246,459,0.026
N006680,P094,825,0.035
N006688,P005,2145,0.11
N006696,P240,1436,0.059
N006704,P175,1304,0.039
N006712,P108,1148,0.042
N006720,P041,2612,0.069
N006728,P004,1522,0.073
N006736,P004,1483,0.066
N006744,P094,243,0.025
N006752,P095,321,0.019
N006760,P002,2367,0.089
N006768,P006,682,0.046
N006776,P094,261,0.02
N006784,P141,374,0.019
N006792,P240,1256,0.038
N006800,P073,481,0.026
N006808,P240,2331,0.055
N006816,P003,1395,0.073
N006824,P094,2800,0.085
N006832,P001,1318,0.068
N006840,P020,1098,0.039
N006848,P069,1440,0.038
N006856,P004,1684,0.06
N006864,P111,1932,0.049
N006872,P044,2210,0.054
N006880,P064,1340,0.054
N006888,P004,1166,0.047
N006896,P044,862,0.037
N006904,P001,2242,0.104
N006912,P094,2340,0.095
N006920,P065,787,0.045
N006928,P129,2297,0.06
N006936,P003,800,0.041
N006944,P006,1117,0.047
N006952,P191,935,0.035
N006960,P001,2189,0.099
N006968,P240,2076,0.062
N006976,P001,2263,0.257
N006984,P003,981,0.071
N006992,P013,190,0.028
N007000,P202,1434,0.055
N007008,P255,724,0.039
N007016,P001,2301,0.237
N007024,P098,522,0.073
N007032,P039,2113,0.072
N007040,P002,2170,0.121
N007048,P073,3219,0.147
N007056,P207,590,0.045
N007064,P215,1090,0.036
N007072,P200,1878,0.077
N007080,P146,1115,0.044
N007088,P004,1491,0.058
N007096,P001,2216,0.098
N007104,P175,1221,0.044
N007112,P005,1839,0.074
N007120,P003,1844,0.078
N007128,P162,516,0.036
N007136,P229,366,0.022
N007144,P004,1227,0.055
N007152,P002,1653,0.073
N007160,P240,1055,0.044
N007168,P002,794,0.041
N007176,P229,2840,0.091
N007184,P002,2230,0.126
N007192,P005,2045,0.119
N007200,P004,1536,0.076
N007208,P240,1373,0.223
N007216,P028,1561,0.063
N007224,P094,1559,0.048
N007232,P002,2633,0.137
N007240,P013,53,0.028
N007248,P094,187,0.018
N007256,P088,720,0.038
N007264,P071,2470,0.074
N007272,P001,1103,0.053
N007280,P006,647,0.035
N007288,P006,1377,0.056
N007296,P005,2169,0.088
N007304,P094,439,0.033
N007312,P214,1035,0.031
N007320,P132,1295,0.038
N007328,P001,2137,0.073
N007336,P003,1340,0.068
N007344,P005,1703,0.069
N007352,P094,774,0.038
N007360,P006,580,0.027
N007368,P004,1645,0.053
N007376,P003,1643,0.068
N007384,P006,1277,0.057
N007392,P221,145,0.019
N007400,P181,466,0.017
N007408,P004,1294,0.04
N007416,P215,2546,0.075
N007424,P094,538,0.035
N007432,P240,383,0.019
N007440,P001,1445,0.057
N007448,P006,1252,0.06
N007456,P006,852,0.038
N007464,P101,758,0.032
N007472,P001,2244,0.105
N007480,P094,1845,0.056
N007488,P002,2227,0.112
N007496,P146,1592,0.062
N007504,P002,2086,0.098
N007512,P005,2277,0.123
N007520,P003,1047,0.056
N007528,P066,175,0.02
N007536,P005,2019,0.061
N007544,P003,1735,0.075
N007552,P127,2566,0.07
N007560,P002,2217,0.096
N007568,P240,1013,0.041
N007576,P001,1354,0.054
N007584,P006,1118,0.049
N007592,P085,2028,0.048
N007600,P020,690,0.041
N007608,P255,2022,0.046
N007616,P041,2708,0.069
N007624,P255,2029,0.074
N007632,P044,2130,0.054
N007640,P006,1473,0.062
N007648,P116,2227,0.054
N007656,P002,2281,0.092
N007664,P181,504,0.035
N007672,P215,2006,0.043
N007680,P004,1248,0.059
N007688,P003,1039,0.045
N007696,P094,2829,0.071
N007704,P001,2198,0.102
N007712,P014,1779,0.064
N007720,P042,1117,0.036
N007728,P003,1513,0.06
N007736,P020,713,0.033
N007744,P234,1146,0.034
N007752,P238,2131,0.05
N007760,P038,1436,0.051
N007768,P001,2332,0.119
N007776,P240,2084,0.061
N007784,P233,77,0.023
N007792,P183,2081,0.057
N007800,P013,127,0.021
N007808,P225,2590,0.058
N007816,P094,764,0.039
N007824,P003,1471,0.064
N007832,P001,2229,0.091
N007840,P004,786,0.044
N007848,P003,1314,0.053
N007856,P052,2733,0.069
N007864,P002,2228,0.108
N007872,P221,63,0.026
N007880,P004,1609,0.048
N007888,P094,1079,0.04
N007896,P004,916,0.033
N007904,P002,2336,0.092
N007912,P005,2224,0.107
N007920,P005,1912,0.081
N007928,P004,1386,0.054
N007936,P002,2323,0.11
N007944,P238,1213,0.051
N007952,P133,700,0.042
N007960,P001,2326,0.098
N007968,P040,840,0.04
N007976,P001,2242,0.093
N007984,P006,1462,0.058
N007992,P172,2491,0.06
N008000,P003,1792,0.083
N008008,P237,1077,0.041
N008016,P018,2060,0.068
N008024,P003,1228,0.059
N008032,P005,2126,0.076
N008040,P006,1891,0.092
N008048,P020,1374,0.047
N008056,P094,712,0.034
N008064,P094,1017,0.036
N008072,P027,2731,0.066
N008080,P001,2199,0.1
N008088,P001,2194,0.093
N008096,P020,593,0.037
N008104,P005,1998,0.096
N008112,P006,1372,0.068
N008120,P001,2196,0.107
N008128,P006,1142,0.055
N008136,P005,1682,0.061
N008144,P003,1752,0.069
N008152,P036,1087,0.032
N008160,P136,1430,0.057
N008168,P181,1548,0.046
N008176,P002,1266,0.054
N008184,P155,274,0.02
N008192,P240,487,0.022
N008200,P003,1129,0.046
N008208,P002,2256,0.099
N008216,P002,2298,0.133
N008224,P094,2330,0.082
N008232,P006,707,0.045
N008240,P096,1234,0.047
N008248,P065,2301,0.058
N008256,P146,2268,0.075
N008264,P006,790,0.047
N008272,P050,2515,0.057
N008280,P034,1189,0.045
N008288,P006,1452,0.046
N008296,P227,1745,0.049
N008304,P004,1560,0.07
N008312,P004,1171,0.057
N008320,P013,98,0.018
N008328,P020,2122,0.054
N008336,P001,2241,0.103
N008344,P159,2154,0.062
N008352,P004,1631,0.068
N008360,P221,226,0.024
N008368,P094,692,0.025
N008376,P006,1439,0.058
N008384,P141,1839,0.052
N008392,P004,1113,0.051
N008400,P146,1380,0.045
N008408,P136,1270,0.05
N008416,P007,2204,0.058
N008424,P006,769,0.047
N008432,P094,2820,0.074
N008440,P057,946,0.04
N008448,P196,1111,0.036
N008456,P003,1658,0.059
N008464,P006,909,0.042
N008472,P013,316,0.018
N008480,P244,174,0.015
N008488,P253,1305,0.043
N008496,P094,1927,0.055
N008504,P094,1377,0.056
N008512,P078,1192,0.034
N008520,P006,1881,0.08
N008528,P044,845,0.036
N008536,P244,236,0.019
N008544,P137,618,0.025
N008552,P069,434,0.022
N008560,P003,1623,0.06
N008568,P235,2029,0.055
N008576,P216,1056,0.04
N008584,P021,2839,0.068
N008592,P094,1741,0.067
N008600,P180,203,0.023
N008608,P005,2110,0.078
N008616,P231,731,0.038
N008624,P232,2535,0.071
N008632,P105,757,0.039
N008640,P100,2198,0.05
N008648,P004,1692,0.077
N008656,P001,2172,0.103
N008664,P107,154,0.027
N008672,P223,462,0.02
N008680,P094,1140,0.025
N008688,P006,1178,0.054
N008696,P094,1279,0.043
N008704,P200,1194,0.04
N008712,P001,2221,0.106
N008720,P004,1289,0.068
N008728,P002,1269,0.045
N008736,P003,1368,0.061
N008744,P104,257,0.024
N008752,P076,812,0.023
N008760,P235,430,0.02
N008768,P094,2248,0.047
N008776,P044,890,0.038
N008784,P001,1708,0.066
N008792,P122,347,0.026
N008800,P094,1122,0.025
N008808,P003,1079,0.044
N008816,P005,2250,0.098
N008824,P118,447,0.034
N008832,P094,402,0.021
N008840,P026,516,0.023
N008848,P002,2302,0.128
N008856,P026,2903,0.083
N008864,P181,2159,0.066
N008872,P139,1148,0.042
N008880,P194,876,0.031
N008888,P078,1207,0.044
N008896,P227,2729,0.065
N008904,P240,1855,0.065
N008912,P094,1961,0.057
N008920,P240,1976,0.064
N008928,P004,615,0.04
N008936,P221,192,0.017
N008944,P019,2118,0.047
N008952,P052,1661,0.055
N008960,P006,1097,0.048
N008968,P059,2878,0.078
N008976,P027,1184,0.052
N008984,P215,2059,0.049
N008992,P001,2207,0.096
N009000,P073,1956,0.052
N009008,P048,1941,0.046
N009016,P004,1429,0.051
N009024,P235,1015,0.04
N009032,P001,1991,0.086
N009040,P004,648,0.04
N009048,P105,1202,0.031
N009056,P001,2192,0.08
N009064,P042,1382,0.054
N009072,P093,2524,0.077
N009080,P003,1492,0.066
N009088,P002,2389,0.11
N009096,P235,995,0.045
N009104,P094,1734,0.058
N009112,P003,789,0.04
N009120,P001,2190,0.081
N009128,P002,1971,0.321
N009136,P222,2856,0.108
N009144,P002,2241,0.131
N009152,P211,1269,0.067
N009160,P233,117,0.023
N009168,P094,1587,0.044
N009176,P131,1386,0.052
N009184,P219,1356,0.053
N009192,P005,1593,0.077
N009200,P005,1991,0.195
N009208,P004,1518,0.094
N009216,P044,1395,0.049
N009224,P003,1448,0.058
N009232,P001,2279,0.243
N009240,P138,1200,0.059
N009248,P005,2274,0.114
N009256,P136,1597,0.064
N009264,P002,2233,0.114
N009272,P004,713,0.05
N009280,P195,733,0.034
N009288,P094,919,0.036
N009296,P172,2701,0.074
N009304,P006,1406,0.065
N009312,P240,2436,0.064
N009320,P136,297,0.033
N009328,P094,733,0.03
N009336,P241,2295,0.059
N009344,P240,356,0.037
N009352,P044,734,0.031
N009360,P002,2144,0.084
N009368,P001,2262,0.127
N009376,P094,250,0.029
N009384,P005,2358,0.106
N009392,P020,498,0.039
N009400,P003,1156,0.047
N009408,P224,1781,0.055
N009416,P241,383,0.03
N009424,P001,2215,0.092
N009432,P167,2408,0.073
N009440,P094,2048,0.239
N009448,P013,213,0.029
N009456,P216,1159,0.03
N009464,P020,1800,0.068
N009472,P081,960,0.036
N009480,P094,1255,0.034
N009488,P006,1714,0.069
N009496,P094,1127,0.041
N009504,P002,1957,0.069
N009512,P005,2013,0.077
N009520,P225,2007,0.059
N009528,P031,1988,0.053
N009536,P003,1155,0.062
N009544,P002,2025,0.084
N009552,P215,2457,0.08
N009560,P209,96,0.028
N009568,P053,1126,0.032
N009576,P094,1112,0.045
N009584,P004,778,0.04
N009592,P206,880,0.034
N009600,P002,2224,0.106
N009608,P002,2220,0.118
N009616,P227,2231,0.078
N009624,P002,2353,0.104
N009632,P020,919,0.046
N009640,P146,2300,0.063
N009648,P005,2169,0.093
N009656,P216,2147,0.067
N009664,P200,2011,0.059
N009672,P106,2973,0.088
N009680,P001,2441,0.116
N009688,P144,1439,0.059
N009696,P002,2118,0.078
N009704,P004,1339,0.072
N009712,P094,1559,0.048
N009720,P096,2420,0.077
N009728,P094,1426,0.064
N009736,P094,906,0.041
N009744,P003,962,0.039
N009752,P013,150,0.019
N009760,P006,1191,0.049
N009768,P021,1229,0.045
N009776,P173,921,0.035
N009784,P240,2222,0.053
N009792,P094,1791,0.062
N009800,P214,2254,0.067
N009808,P002,2190,0.094
N009816,P002,2214,0.11
N009824,P009,1931,0.054
N009832,P094,479,0.031
N009840,P227,1961,0.058
N009848,P002,2400,0.11
N009856,P004,822,0.047
N009864,P189,548,0.028
N009872,P094,873,0.035
N009880,P002,2079,0.076
N009888,P004,803,0.047
N009896,P202,692,0.029
N009904,P077,2071,0.049
N009912,P141,1305,0.045
N009920,P241,1249,0.053
N009928,P003,1602,0.075
N009936,P061,1231,0.047
N009944,P193,1335,0.038
N009952,P202,909,0.036
N009960,P001,2479,0.113
N009968,P005,2209,0.112
N009976,P097,1609,0.058
N009984,P189,2292,0.076
N009992,P005,2129,0.08
N010000,P005,2215,0.101
N010008,P002,1958,0.106
N010016,P001,1388,0.06
N010024,P094,2326,0.061
N010032,P200,1644,0.057
N010040,P028,2156,0.054
N010048,P061,280,0.03
N010056,P002,2238,0.082
N010064,P156,2067,0.058
N010072,P044,698,0.04
N010080,P088,1262,0.046
N010088,P003,581,0.036
N010096,P044,2042,0.047
N010104,P200,613,0.033
N010112,P004,1352,0.049
N010120,P122,1211,0.036
N010128,P005,2143,0.097
N010136,P023,2155,0.063
N010144,P203,963,0.042
N010152,P002,2250,0.08
N010160,P183,2371,0.076
N010168,P003,1871,0.095
N010176,P024,1902,0.055
N010184,P246,1384,0.055
N010192,P041,1309,0.056
N010200,P001,2157,0.088
N010208,P084,145,0.028
N010216,P240,1123,0.034
N010224,P004,1629,0.065
N010232,P003,974,0.046
N010240,P006,1214,0.053
N010248,P188,302,0.022
N010256,P020,1605,0.048
N010264,P021,1504,0.047
N010272,P001,2227,0.106
N010280,P042,1860,0.07
N010288,P077,1722,0.055
N010296,P240,2532,0.074
N010304,P003,1359,0.06
N010312,P001,2199,0.091
N010320,P221,1937,0.054
N010328,P001,2370,0.105
N010336,P255,657,0.044
N010344,P003,1310,0.04
N010352,P253,2132,0.055
N010360,P002,2043,0.075
N010368,P094,1424,0.057
N010376,P044,184,0.024
N010384,P134,1003,0.033
N010392,P002,1562,0.066
N010400,P002,1553,0.067
N010408,P078,1752,0.049
N010416,P001,2457,0.137
N010424,P004,1626,0.076
N010432,P141,1258,0.047
N010440,P008,56,0.018
N010448,P006,1753,0.066
N010456,P094,2125,0.056
N010464,P002,2309,0.129
N010472,P003,2068,0.09
N010480,P006,852,0.049
N010488,P179,1982,0.049
N010496,P094,1913,0.057
N010504,P235,2351,0.059
N010512,P094,2503,0.076
N010520,P005,2126,0.089
N010528,P146,1321,0.057
N010536,P215,772,0.035
N010544,P104,1015,0.039
N010552,P189,422,0.025
N010560,P006,1651,0.062
N010568,P020,2613,0.069
N010576,P094,1391,0.062
N010584,P096,1019,0.038
N010592,P004,1786,0.073
N010600,P227,2687,0.072
N010608,P200,354,0.03
N010616,P098,1372,0.047
N010624,P094,902,0.038
N010632,P255,292,0.02
N010640,P046,138,0.016
N010648,P044,1925,0.038
N010656,P006,689,0.04
N010664,P043,980,0.037
N010672,P006,1696,0.065
N010680,P005,2281,0.114
N010688,P204,155,0.033
N010696,P094,1947,0.042
N010704,P122,2785,0.099
N010712,P002,803,0.048
N010720,P006,1389,0.065
N010728,P136,2638,0.071
N010736,P100,1148,0.053
N010744,P004,1532,0.06
N010752,P127,1604,0.062
N010760,P005,706,0.041
N010768,P001,2207,0.09
N010776,P006,933,0.053
N010784,P004,1241,0.055
N010792,P002,2253,0.078
N010800,P057,229,0.03
N010808,P238,603,0.021
N010816,P094,1412,0.051
N010824,P211,2230,0.054
N010832,P218,478,0.031
N010840,P035,2729,0.073
N010848,P240,2188,0.064
N010856,P094,1336,0.047
N010864,P240,1521,0.055
N010872,P094,1729,0.05
N010880,P003,1183,0.059
N010888,P006,1382,0.057
N010896,P003,954,0.052
N010904,P005,2148,0.083
N010912,P005,2142,0.095
N010920,P167,70,0.026
N010928,P095,2298,0.066
N010936,P167,2932,0.08
N010944,P073,1708,0.055
N010952,P005,2240,0.106
N010960,P215,1660,0.068
N010968,P094,2340,0.058
N010976,P248,2659,0.073
N010984,P020,1021,0.048
N010992,P004,1748,0.076
N011000,P236,1356,0.053
N011008,P002,1349,0.055
N011016,P005,2440,0.108
N011024,P044,652,0.043
N011032,P240,1435,0.05
N011040,P013,182,0.024
N011048,P006,1627,0.2
N011056,P073,2120,0.086
N011064,P013,224,0.039
N011072,P060,1917,0.065
N011080,P240,2708,0.086
N011088,P013,152,0.036
N011096,P202,217,0.014
N011104,P001,1036,0.033
N011112,P002,2228,0.108
N011120,P003,1139,0.19
N011128,P007,1939,0.052
N011136,P004,1487,0.076
N011144,P020,2659,0.075
N011152,P003,1170,0.068
N011160,P044,884,0.04
N011168,P224,466,0.026
N011176,P004,730,0.04
N011184,P169,1043,0.035
N011192,P122,1002,0.036
N011200,P013,140,0.016
N011208,P106,2117,0.046
N011216,P005,2153,0.104
N011224,P044,1675,0.068
N011232,P021,888,0.037
N011240,P003,1602,0.062
N011248,P183,979,0.039
N011256,P088,304,0.025
N011264,P002,2420,0.116
N011272,P004,1127,0.056
N011280,P240,2459,0.063
N011288,P005,1347,0.066
N011296,P096,1250,0.048
N011304,P094,217,0.026
N011312,P240,1187,0.032
N011320,P129,1473,0.056
N011328,P094,690,0.037
N011336,P001,2416,0.444
N011344,P018,1835,0.094
N011352,P228,1266,0.053
N011360,P240,813,0.04
N011368,P094,2002,0.071
N011376,P044,771,0.039
N011384,P055,777,0.034
N011392,P240,756,0.035
N011400,P235,2359,0.062
N011408,P044,491,0.041
N011416,P026,473,0.023
N011424,P240,1568,0.045
N011432,P004,990,0.051
N011440,P003,1546,0.06
N011448,P243,1262,0.053
N011456,P094,573,0.033
N011464,P003,1868,0.079
N011472,P189,2077,0.058
N011480,P004,1095,0.053
N011488,P094,210,0.021
N011496,P098,1383,0.034
N011504,P032,531,0.034
N011512,P002,1603,0.066
N011520,P006,1577,0.082
N011528,P005,1543,0.067
N011536,P094,1799,0.061
N011544,P094,1458,0.047
N011552,P094,2837,0.088
N011560,P088,1987,0.074
N011568,P002,2104,0.144
N011576,P005,2175,0.104
N011584,P094,2450,0.077
N011592,P120,1082,0.039
N011600,P094,2023,0.054
N011608,P020,1398,0.042
N011616,P193,877,0.038
N011624,P005,2428,0.122
N011632,P005,2201,0.1
N011640,P094,1987,0.057
N011648,P041,450,0.028
N011656,P129,1989,0.054
N011664,P001,2153,0.09
N011672,P001,1405,0.064
N011680,P006,1182,0.059
N011688,P094,2371,0.07
N011696,P167,398,0.033
N011704,P003,1784,0.067
N011712,P182,1682,0.055
N011720,P081,659,0.035
N011728,P113,1146,0.039
N011736,P078,1134,0.033
N011744,P240,2350,0.072
N011752,P004,630,0.037
N011760,P205,1523,0.046
N011768,P026,1145,0.043
N011776,P097,2433,0.06
N011784,P024,660,0.039
N011792,P211,1056,0.034
N011800,P219,494,0.029
N011808,P004,1729,0.074
N011816,P005,2228,0.102
N011824,P001,2102,0.084
N011832,P094,381,0.032
N011840,P013,110,0.015
N011848,P044,2447,0.054
N011856,P020,603,0.038
N011864,P028,2179,0.056
N011872,P240,2150,0.054
N011880,P216,995,0.04
N011888,P005,2246,0.09
N011896,P004,1788,0.079
N011904,P202,129,0.021
N011912,P044,870,0.028
N011920,P006,1621,0.066
N011928,P002,2179,0.081
N011936,P003,1907,0.095
N011944,P004,1317,0.052
N011952,P240,571,0.029
N011960,P004,390,0.024
N011968,P255,811,0.028
N011976,P006,1611,0.063
N011984,P002,2471,0.129
N011992,P002,2273,0.113
N012000,P202,150,0.03
